Data,quantidade,faixaEtaria,sexo
2020-02-15,1,25 a 29 anos,Feminino
2020-02-15,3,30 a 34 anos,Masculino
2020-02-15,1,35 a 39 anos,Masculino
2020-02-15,1,45 a 49 anos,Feminino
2020-02-15,2,50 a 54 anos,Masculino
2020-02-15,1,55 a 59 anos,Feminino
2020-02-16,1,25 a 29 anos,Feminino
2020-02-16,3,30 a 34 anos,Masculino
2020-02-16,1,35 a 39 anos,Masculino
2020-02-16,1,40 a 44 anos,Feminino
2020-02-16,1,45 a 49 anos,Feminino
2020-02-16,2,50 a 54 anos,Masculino
2020-02-16,1,55 a 59 anos,Feminino
2020-02-16,1,70 a 74 anos,Masculino
2020-02-17,2,25 a 29 anos,Feminino
2020-02-17,3,30 a 34 anos,Masculino
2020-02-17,1,35 a 39 anos,Masculino
2020-02-17,2,40 a 44 anos,Feminino
2020-02-17,1,45 a 49 anos,Feminino
2020-02-17,2,50 a 54 anos,Masculino
2020-02-17,1,55 a 59 anos,Feminino
2020-02-17,1,70 a 74 anos,Masculino
2020-02-18,2,25 a 29 anos,Feminino
2020-02-18,3,30 a 34 anos,Masculino
2020-02-18,2,35 a 39 anos,Masculino
2020-02-18,2,40 a 44 anos,Feminino
2020-02-18,1,45 a 49 anos,Feminino
2020-02-18,2,50 a 54 anos,Masculino
2020-02-18,1,55 a 59 anos,Feminino
2020-02-18,1,70 a 74 anos,Masculino
2020-02-19,2,25 a 29 anos,Feminino
2020-02-19,3,30 a 34 anos,Masculino
2020-02-19,2,35 a 39 anos,Masculino
2020-02-19,2,40 a 44 anos,Feminino
2020-02-19,1,45 a 49 anos,Feminino
2020-02-19,2,50 a 54 anos,Masculino
2020-02-19,1,55 a 59 anos,Feminino
2020-02-19,1,70 a 74 anos,Masculino
2020-02-20,2,25 a 29 anos,Feminino
2020-02-20,3,30 a 34 anos,Masculino
2020-02-20,1,35 a 39 anos,Feminino
2020-02-20,2,35 a 39 anos,Masculino
2020-02-20,2,40 a 44 anos,Feminino
2020-02-20,1,45 a 49 anos,Feminino
2020-02-20,2,50 a 54 anos,Masculino
2020-02-20,1,55 a 59 anos,Feminino
2020-02-20,1,70 a 74 anos,Masculino
2020-02-21,2,25 a 29 anos,Feminino
2020-02-21,1,30 a 34 anos,Feminino
2020-02-21,3,30 a 34 anos,Masculino
2020-02-21,1,35 a 39 anos,Feminino
2020-02-21,2,35 a 39 anos,Masculino
2020-02-21,2,40 a 44 anos,Feminino
2020-02-21,1,45 a 49 anos,Feminino
2020-02-21,2,50 a 54 anos,Masculino
2020-02-21,1,55 a 59 anos,Feminino
2020-02-21,1,70 a 74 anos,Masculino
2020-02-22,2,25 a 29 anos,Feminino
2020-02-22,1,30 a 34 anos,Feminino
2020-02-22,3,30 a 34 anos,Masculino
2020-02-22,2,35 a 39 anos,Feminino
2020-02-22,2,35 a 39 anos,Masculino
2020-02-22,3,40 a 44 anos,Feminino
2020-02-22,1,45 a 49 anos,Feminino
2020-02-22,1,45 a 49 anos,Masculino
2020-02-22,2,50 a 54 anos,Masculino
2020-02-22,1,55 a 59 anos,Feminino
2020-02-22,1,70 a 74 anos,Feminino
2020-02-22,1,70 a 74 anos,Masculino
2020-02-23,1,20 a 24 anos,Feminino
2020-02-23,2,25 a 29 anos,Feminino
2020-02-23,1,30 a 34 anos,Feminino
2020-02-23,3,30 a 34 anos,Masculino
2020-02-23,2,35 a 39 anos,Feminino
2020-02-23,2,35 a 39 anos,Masculino
2020-02-23,3,40 a 44 anos,Feminino
2020-02-23,1,45 a 49 anos,Feminino
2020-02-23,1,45 a 49 anos,Masculino
2020-02-23,2,50 a 54 anos,Masculino
2020-02-23,1,55 a 59 anos,Feminino
2020-02-23,1,70 a 74 anos,Feminino
2020-02-23,1,70 a 74 anos,Masculino
2020-02-24,1,20 a 24 anos,Feminino
2020-02-24,2,25 a 29 anos,Feminino
2020-02-24,1,30 a 34 anos,Feminino
2020-02-24,3,30 a 34 anos,Masculino
2020-02-24,2,35 a 39 anos,Feminino
2020-02-24,2,35 a 39 anos,Masculino
2020-02-24,3,40 a 44 anos,Feminino
2020-02-24,1,45 a 49 anos,Feminino
2020-02-24,1,45 a 49 anos,Masculino
2020-02-24,2,50 a 54 anos,Masculino
2020-02-24,1,55 a 59 anos,Feminino
2020-02-24,1,70 a 74 anos,Feminino
2020-02-24,1,70 a 74 anos,Masculino
2020-02-25,1,20 a 24 anos,Feminino
2020-02-25,2,25 a 29 anos,Feminino
2020-02-25,1,25 a 29 anos,Masculino
2020-02-25,1,30 a 34 anos,Feminino
2020-02-25,3,30 a 34 anos,Masculino
2020-02-25,2,35 a 39 anos,Feminino
2020-02-25,2,35 a 39 anos,Masculino
2020-02-25,3,40 a 44 anos,Feminino
2020-02-25,1,45 a 49 anos,Feminino
2020-02-25,1,45 a 49 anos,Masculino
2020-02-25,2,50 a 54 anos,Masculino
2020-02-25,1,55 a 59 anos,Feminino
2020-02-25,1,70 a 74 anos,Feminino
2020-02-25,1,70 a 74 anos,Masculino
2020-02-26,1,20 a 24 anos,Feminino
2020-02-26,2,25 a 29 anos,Feminino
2020-02-26,1,25 a 29 anos,Masculino
2020-02-26,1,30 a 34 anos,Feminino
2020-02-26,3,30 a 34 anos,Masculino
2020-02-26,2,35 a 39 anos,Feminino
2020-02-26,2,35 a 39 anos,Masculino
2020-02-26,3,40 a 44 anos,Feminino
2020-02-26,1,45 a 49 anos,Feminino
2020-02-26,1,45 a 49 anos,Masculino
2020-02-26,2,50 a 54 anos,Masculino
2020-02-26,1,55 a 59 anos,Feminino
2020-02-26,1,70 a 74 anos,Feminino
2020-02-26,1,70 a 74 anos,Masculino
2020-02-27,1,20 a 24 anos,Feminino
2020-02-27,2,25 a 29 anos,Feminino
2020-02-27,1,25 a 29 anos,Masculino
2020-02-27,1,30 a 34 anos,Feminino
2020-02-27,3,30 a 34 anos,Masculino
2020-02-27,2,35 a 39 anos,Feminino
2020-02-27,2,35 a 39 anos,Masculino
2020-02-27,3,40 a 44 anos,Feminino
2020-02-27,1,45 a 49 anos,Feminino
2020-02-27,1,45 a 49 anos,Masculino
2020-02-27,2,50 a 54 anos,Masculino
2020-02-27,1,55 a 59 anos,Feminino
2020-02-27,1,70 a 74 anos,Feminino
2020-02-27,1,70 a 74 anos,Masculino
2020-02-28,1,20 a 24 anos,Feminino
2020-02-28,2,25 a 29 anos,Feminino
2020-02-28,1,25 a 29 anos,Masculino
2020-02-28,1,30 a 34 anos,Feminino
2020-02-28,3,30 a 34 anos,Masculino
2020-02-28,2,35 a 39 anos,Feminino
2020-02-28,2,35 a 39 anos,Masculino
2020-02-28,3,40 a 44 anos,Feminino
2020-02-28,1,45 a 49 anos,Feminino
2020-02-28,1,45 a 49 anos,Masculino
2020-02-28,2,50 a 54 anos,Masculino
2020-02-28,1,55 a 59 anos,Feminino
2020-02-28,1,70 a 74 anos,Feminino
2020-02-28,1,70 a 74 anos,Masculino
2020-02-29,1,20 a 24 anos,Feminino
2020-02-29,2,25 a 29 anos,Feminino
2020-02-29,1,25 a 29 anos,Masculino
2020-02-29,1,30 a 34 anos,Feminino
2020-02-29,3,30 a 34 anos,Masculino
2020-02-29,2,35 a 39 anos,Feminino
2020-02-29,2,35 a 39 anos,Masculino
2020-02-29,3,40 a 44 anos,Feminino
2020-02-29,1,45 a 49 anos,Feminino
2020-02-29,1,45 a 49 anos,Masculino
2020-02-29,2,50 a 54 anos,Masculino
2020-02-29,1,55 a 59 anos,Feminino
2020-02-29,1,70 a 74 anos,Feminino
2020-02-29,1,70 a 74 anos,Masculino
2020-03-01,1,0 a 4 anos,Feminino
2020-03-01,1,20 a 24 anos,Feminino
2020-03-01,3,25 a 29 anos,Feminino
2020-03-01,1,25 a 29 anos,Masculino
2020-03-01,1,30 a 34 anos,Feminino
2020-03-01,3,30 a 34 anos,Masculino
2020-03-01,4,35 a 39 anos,Feminino
2020-03-01,3,35 a 39 anos,Masculino
2020-03-01,3,40 a 44 anos,Feminino
2020-03-01,1,45 a 49 anos,Feminino
2020-03-01,1,45 a 49 anos,Masculino
2020-03-01,2,50 a 54 anos,Masculino
2020-03-01,1,55 a 59 anos,Feminino
2020-03-01,1,55 a 59 anos,Masculino
2020-03-01,1,70 a 74 anos,Feminino
2020-03-01,1,70 a 74 anos,Masculino
2020-03-01,1,80 anos ou mais,Masculino
2020-03-02,1,0 a 4 anos,Feminino
2020-03-02,1,20 a 24 anos,Feminino
2020-03-02,1,20 a 24 anos,Masculino
2020-03-02,3,25 a 29 anos,Feminino
2020-03-02,1,25 a 29 anos,Masculino
2020-03-02,2,30 a 34 anos,Feminino
2020-03-02,3,30 a 34 anos,Masculino
2020-03-02,5,35 a 39 anos,Feminino
2020-03-02,3,35 a 39 anos,Masculino
2020-03-02,4,40 a 44 anos,Feminino
2020-03-02,1,45 a 49 anos,Feminino
2020-03-02,2,45 a 49 anos,Masculino
2020-03-02,2,50 a 54 anos,Feminino
2020-03-02,2,50 a 54 anos,Masculino
2020-03-02,1,55 a 59 anos,Feminino
2020-03-02,1,55 a 59 anos,Masculino
2020-03-02,1,70 a 74 anos,Feminino
2020-03-02,1,70 a 74 anos,Masculino
2020-03-02,1,80 anos ou mais,Masculino
2020-03-03,1,0 a 4 anos,Feminino
2020-03-03,1,20 a 24 anos,Feminino
2020-03-03,1,20 a 24 anos,Masculino
2020-03-03,3,25 a 29 anos,Feminino
2020-03-03,1,25 a 29 anos,Masculino
2020-03-03,2,30 a 34 anos,Feminino
2020-03-03,3,30 a 34 anos,Masculino
2020-03-03,5,35 a 39 anos,Feminino
2020-03-03,4,35 a 39 anos,Masculino
2020-03-03,4,40 a 44 anos,Feminino
2020-03-03,1,40 a 44 anos,Masculino
2020-03-03,1,45 a 49 anos,Feminino
2020-03-03,2,45 a 49 anos,Masculino
2020-03-03,2,50 a 54 anos,Feminino
2020-03-03,2,50 a 54 anos,Masculino
2020-03-03,1,55 a 59 anos,Feminino
2020-03-03,2,55 a 59 anos,Masculino
2020-03-03,1,70 a 74 anos,Feminino
2020-03-03,1,70 a 74 anos,Masculino
2020-03-03,1,80 anos ou mais,Masculino
2020-03-04,1,0 a 4 anos,Feminino
2020-03-04,1,5 a 9 anos,Masculino
2020-03-04,1,20 a 24 anos,Feminino
2020-03-04,1,20 a 24 anos,Masculino
2020-03-04,1,25 a 29 anos,Masculino
2020-03-04,3,25 a 29 anos,Feminino
2020-03-04,2,30 a 34 anos,Feminino
2020-03-04,3,30 a 34 anos,Masculino
2020-03-04,5,35 a 39 anos,Feminino
2020-03-04,4,35 a 39 anos,Masculino
2020-03-04,1,40 a 44 anos,Masculino
2020-03-04,5,40 a 44 anos,Feminino
2020-03-04,3,45 a 49 anos,Masculino
2020-03-04,1,45 a 49 anos,Feminino
2020-03-04,3,50 a 54 anos,Masculino
2020-03-04,2,50 a 54 anos,Feminino
2020-03-04,3,55 a 59 anos,Masculino
2020-03-04,1,55 a 59 anos,Feminino
2020-03-04,1,70 a 74 anos,Feminino
2020-03-04,1,70 a 74 anos,Masculino
2020-03-04,1,80 anos ou mais,Masculino
2020-03-05,1,0 a 4 anos,Feminino
2020-03-05,1,5 a 9 anos,Masculino
2020-03-05,1,20 a 24 anos,Feminino
2020-03-05,1,20 a 24 anos,Masculino
2020-03-05,1,25 a 29 anos,Masculino
2020-03-05,3,25 a 29 anos,Feminino
2020-03-05,4,30 a 34 anos,Masculino
2020-03-05,3,30 a 34 anos,Feminino
2020-03-05,5,35 a 39 anos,Feminino
2020-03-05,4,35 a 39 anos,Masculino
2020-03-05,5,40 a 44 anos,Feminino
2020-03-05,3,40 a 44 anos,Masculino
2020-03-05,1,45 a 49 anos,Feminino
2020-03-05,3,45 a 49 anos,Masculino
2020-03-05,3,50 a 54 anos,Masculino
2020-03-05,2,50 a 54 anos,Feminino
2020-03-05,1,55 a 59 anos,Feminino
2020-03-05,4,55 a 59 anos,Masculino
2020-03-05,1,70 a 74 anos,Feminino
2020-03-05,1,70 a 74 anos,Masculino
2020-03-05,1,75 a 79 anos,Masculino
2020-03-05,1,80 anos ou mais,Masculino
2020-03-06,1,0 a 4 anos,Feminino
2020-03-06,2,5 a 9 anos,Feminino
2020-03-06,1,5 a 9 anos,Masculino
2020-03-06,1,15 a 19 anos,Masculino
2020-03-06,1,20 a 24 anos,Feminino
2020-03-06,1,20 a 24 anos,Masculino
2020-03-06,3,25 a 29 anos,Feminino
2020-03-06,1,25 a 29 anos,Masculino
2020-03-06,4,30 a 34 anos,Masculino
2020-03-06,3,30 a 34 anos,Feminino
2020-03-06,7,35 a 39 anos,Feminino
2020-03-06,5,35 a 39 anos,Masculino
2020-03-06,5,40 a 44 anos,Feminino
2020-03-06,3,40 a 44 anos,Masculino
2020-03-06,1,45 a 49 anos,Feminino
2020-03-06,4,45 a 49 anos,Masculino
2020-03-06,3,50 a 54 anos,Masculino
2020-03-06,3,50 a 54 anos,Feminino
2020-03-06,2,55 a 59 anos,Feminino
2020-03-06,4,55 a 59 anos,Masculino
2020-03-06,1,70 a 74 anos,Feminino
2020-03-06,1,70 a 74 anos,Masculino
2020-03-06,1,75 a 79 anos,Masculino
2020-03-06,1,80 anos ou mais,Masculino
2020-03-07,1,0 a 4 anos,Feminino
2020-03-07,2,5 a 9 anos,Feminino
2020-03-07,1,5 a 9 anos,Masculino
2020-03-07,1,15 a 19 anos,Masculino
2020-03-07,1,20 a 24 anos,Feminino
2020-03-07,1,20 a 24 anos,Masculino
2020-03-07,3,25 a 29 anos,Feminino
2020-03-07,2,25 a 29 anos,Masculino
2020-03-07,4,30 a 34 anos,Masculino
2020-03-07,3,30 a 34 anos,Feminino
2020-03-07,7,35 a 39 anos,Feminino
2020-03-07,6,35 a 39 anos,Masculino
2020-03-07,7,40 a 44 anos,Feminino
2020-03-07,3,40 a 44 anos,Masculino
2020-03-07,1,45 a 49 anos,Feminino
2020-03-07,4,45 a 49 anos,Masculino
2020-03-07,3,50 a 54 anos,Masculino
2020-03-07,4,50 a 54 anos,Feminino
2020-03-07,2,55 a 59 anos,Feminino
2020-03-07,4,55 a 59 anos,Masculino
2020-03-07,1,70 a 74 anos,Feminino
2020-03-07,2,70 a 74 anos,Masculino
2020-03-07,1,75 a 79 anos,Masculino
2020-03-07,1,80 anos ou mais,Masculino
2020-03-08,1,0 a 4 anos,Feminino
2020-03-08,1,0 a 4 anos,Masculino
2020-03-08,1,5 a 9 anos,Masculino
2020-03-08,2,5 a 9 anos,Feminino
2020-03-08,1,15 a 19 anos,Masculino
2020-03-08,1,20 a 24 anos,Masculino
2020-03-08,1,20 a 24 anos,Feminino
2020-03-08,3,25 a 29 anos,Feminino
2020-03-08,3,25 a 29 anos,Masculino
2020-03-08,3,30 a 34 anos,Feminino
2020-03-08,4,30 a 34 anos,Masculino
2020-03-08,7,35 a 39 anos,Feminino
2020-03-08,6,35 a 39 anos,Masculino
2020-03-08,3,40 a 44 anos,Masculino
2020-03-08,8,40 a 44 anos,Feminino
2020-03-08,2,45 a 49 anos,Feminino
2020-03-08,4,45 a 49 anos,Masculino
2020-03-08,4,50 a 54 anos,Feminino
2020-03-08,3,50 a 54 anos,Masculino
2020-03-08,4,55 a 59 anos,Masculino
2020-03-08,2,55 a 59 anos,Feminino
2020-03-08,1,70 a 74 anos,Feminino
2020-03-08,2,70 a 74 anos,Masculino
2020-03-08,1,75 a 79 anos,Masculino
2020-03-08,1,80 anos ou mais,Masculino
2020-03-09,1,0 a 4 anos,Masculino
2020-03-09,1,0 a 4 anos,Feminino
2020-03-09,1,5 a 9 anos,Masculino
2020-03-09,2,5 a 9 anos,Feminino
2020-03-09,1,15 a 19 anos,Masculino
2020-03-09,1,20 a 24 anos,Masculino
2020-03-09,1,20 a 24 anos,Feminino
2020-03-09,4,25 a 29 anos,Masculino
2020-03-09,3,25 a 29 anos,Feminino
2020-03-09,3,30 a 34 anos,Feminino
2020-03-09,4,30 a 34 anos,Masculino
2020-03-09,8,35 a 39 anos,Masculino
2020-03-09,7,35 a 39 anos,Feminino
2020-03-09,8,40 a 44 anos,Feminino
2020-03-09,3,40 a 44 anos,Masculino
2020-03-09,2,45 a 49 anos,Feminino
2020-03-09,4,45 a 49 anos,Masculino
2020-03-09,3,50 a 54 anos,Masculino
2020-03-09,4,50 a 54 anos,Feminino
2020-03-09,2,55 a 59 anos,Feminino
2020-03-09,4,55 a 59 anos,Masculino
2020-03-09,2,65 a 69 anos,Masculino
2020-03-09,1,70 a 74 anos,Feminino
2020-03-09,3,70 a 74 anos,Masculino
2020-03-09,1,75 a 79 anos,Masculino
2020-03-09,1,80 anos ou mais,Masculino
2020-03-10,1,0 a 4 anos,Masculino
2020-03-10,1,0 a 4 anos,Feminino
2020-03-10,1,5 a 9 anos,Masculino
2020-03-10,2,5 a 9 anos,Feminino
2020-03-10,1,10 a 14 anos,Feminino
2020-03-10,1,15 a 19 anos,Masculino
2020-03-10,3,20 a 24 anos,Feminino
2020-03-10,2,20 a 24 anos,Masculino
2020-03-10,3,25 a 29 anos,Feminino
2020-03-10,4,25 a 29 anos,Masculino
2020-03-10,3,30 a 34 anos,Feminino
2020-03-10,6,30 a 34 anos,Masculino
2020-03-10,8,35 a 39 anos,Masculino
2020-03-10,7,35 a 39 anos,Feminino
2020-03-10,8,40 a 44 anos,Feminino
2020-03-10,3,40 a 44 anos,Masculino
2020-03-10,3,45 a 49 anos,Feminino
2020-03-10,4,45 a 49 anos,Masculino
2020-03-10,3,50 a 54 anos,Masculino
2020-03-10,4,50 a 54 anos,Feminino
2020-03-10,2,55 a 59 anos,Feminino
2020-03-10,4,55 a 59 anos,Masculino
2020-03-10,2,65 a 69 anos,Masculino
2020-03-10,1,70 a 74 anos,Feminino
2020-03-10,3,70 a 74 anos,Masculino
2020-03-10,3,75 a 79 anos,Masculino
2020-03-10,1,80 anos ou mais,Feminino
2020-03-10,1,80 anos ou mais,Masculino
2020-03-11,1,0 a 4 anos,Masculino
2020-03-11,1,0 a 4 anos,Feminino
2020-03-11,1,5 a 9 anos,Masculino
2020-03-11,2,5 a 9 anos,Feminino
2020-03-11,1,10 a 14 anos,Feminino
2020-03-11,1,15 a 19 anos,Masculino
2020-03-11,4,20 a 24 anos,Feminino
2020-03-11,2,20 a 24 anos,Masculino
2020-03-11,3,25 a 29 anos,Feminino
2020-03-11,4,25 a 29 anos,Masculino
2020-03-11,4,30 a 34 anos,Feminino
2020-03-11,7,30 a 34 anos,Masculino
2020-03-11,9,35 a 39 anos,Masculino
2020-03-11,7,35 a 39 anos,Feminino
2020-03-11,8,40 a 44 anos,Feminino
2020-03-11,3,40 a 44 anos,Masculino
2020-03-11,3,45 a 49 anos,Feminino
2020-03-11,4,45 a 49 anos,Masculino
2020-03-11,3,50 a 54 anos,Masculino
2020-03-11,4,50 a 54 anos,Feminino
2020-03-11,4,55 a 59 anos,Masculino
2020-03-11,2,55 a 59 anos,Feminino
2020-03-11,2,65 a 69 anos,Masculino
2020-03-11,2,65 a 69 anos,Feminino
2020-03-11,1,70 a 74 anos,Feminino
2020-03-11,3,70 a 74 anos,Masculino
2020-03-11,3,75 a 79 anos,Masculino
2020-03-11,1,80 anos ou mais,Feminino
2020-03-11,1,80 anos ou mais,Masculino
2020-03-12,1,0 a 4 anos,Feminino
2020-03-12,2,0 a 4 anos,Masculino
2020-03-12,3,5 a 9 anos,Masculino
2020-03-12,2,5 a 9 anos,Feminino
2020-03-12,1,10 a 14 anos,Feminino
2020-03-12,1,15 a 19 anos,Masculino
2020-03-12,5,20 a 24 anos,Feminino
2020-03-12,3,20 a 24 anos,Masculino
2020-03-12,4,25 a 29 anos,Feminino
2020-03-12,5,25 a 29 anos,Masculino
2020-03-12,8,30 a 34 anos,Feminino
2020-03-12,7,30 a 34 anos,Masculino
2020-03-12,9,35 a 39 anos,Masculino
2020-03-12,10,35 a 39 anos,Feminino
2020-03-12,11,40 a 44 anos,Feminino
2020-03-12,3,40 a 44 anos,Masculino
2020-03-12,5,45 a 49 anos,Masculino
2020-03-12,4,45 a 49 anos,Feminino
2020-03-12,4,50 a 54 anos,Masculino
2020-03-12,6,50 a 54 anos,Feminino
2020-03-12,3,55 a 59 anos,Feminino
2020-03-12,5,55 a 59 anos,Masculino
2020-03-12,4,65 a 69 anos,Feminino
2020-03-12,2,65 a 69 anos,Masculino
2020-03-12,1,70 a 74 anos,Feminino
2020-03-12,4,70 a 74 anos,Masculino
2020-03-12,1,75 a 79 anos,Feminino
2020-03-12,3,75 a 79 anos,Masculino
2020-03-12,2,80 anos ou mais,Feminino
2020-03-12,1,80 anos ou mais,Masculino
2020-03-13,2,0 a 4 anos,Masculino
2020-03-13,1,0 a 4 anos,Feminino
2020-03-13,3,5 a 9 anos,Masculino
2020-03-13,2,5 a 9 anos,Feminino
2020-03-13,1,10 a 14 anos,Feminino
2020-03-13,1,15 a 19 anos,Masculino
2020-03-13,6,20 a 24 anos,Feminino
2020-03-13,5,20 a 24 anos,Masculino
2020-03-13,4,25 a 29 anos,Feminino
2020-03-13,5,25 a 29 anos,Masculino
2020-03-13,9,30 a 34 anos,Feminino
2020-03-13,8,30 a 34 anos,Masculino
2020-03-13,14,35 a 39 anos,Masculino
2020-03-13,13,35 a 39 anos,Feminino
2020-03-13,12,40 a 44 anos,Feminino
2020-03-13,4,40 a 44 anos,Masculino
2020-03-13,6,45 a 49 anos,Feminino
2020-03-13,5,45 a 49 anos,Masculino
2020-03-13,9,50 a 54 anos,Feminino
2020-03-13,7,50 a 54 anos,Masculino
2020-03-13,5,55 a 59 anos,Masculino
2020-03-13,3,55 a 59 anos,Feminino
2020-03-13,1,60 a 64 anos,Feminino
2020-03-13,1,60 a 64 anos,Masculino
2020-03-13,4,65 a 69 anos,Feminino
2020-03-13,2,65 a 69 anos,Masculino
2020-03-13,2,70 a 74 anos,Feminino
2020-03-13,4,70 a 74 anos,Masculino
2020-03-13,2,75 a 79 anos,Feminino
2020-03-13,3,75 a 79 anos,Masculino
2020-03-13,2,80 anos ou mais,Feminino
2020-03-13,1,80 anos ou mais,Masculino
2020-03-14,4,0 a 4 anos,Feminino
2020-03-14,3,0 a 4 anos,Masculino
2020-03-14,3,5 a 9 anos,Masculino
2020-03-14,2,5 a 9 anos,Feminino
2020-03-14,1,10 a 14 anos,Feminino
2020-03-14,1,15 a 19 anos,Masculino
2020-03-14,1,15 a 19 anos,Feminino
2020-03-14,6,20 a 24 anos,Masculino
2020-03-14,7,20 a 24 anos,Feminino
2020-03-14,9,25 a 29 anos,Feminino
2020-03-14,5,25 a 29 anos,Masculino
2020-03-14,10,30 a 34 anos,Masculino
2020-03-14,11,30 a 34 anos,Feminino
2020-03-14,16,35 a 39 anos,Feminino
2020-03-14,17,35 a 39 anos,Masculino
2020-03-14,13,40 a 44 anos,Feminino
2020-03-14,7,40 a 44 anos,Masculino
2020-03-14,7,45 a 49 anos,Masculino
2020-03-14,8,45 a 49 anos,Feminino
2020-03-14,8,50 a 54 anos,Masculino
2020-03-14,10,50 a 54 anos,Feminino
2020-03-14,6,55 a 59 anos,Masculino
2020-03-14,4,55 a 59 anos,Feminino
2020-03-14,1,60 a 64 anos,Feminino
2020-03-14,1,60 a 64 anos,Masculino
2020-03-14,2,65 a 69 anos,Masculino
2020-03-14,4,65 a 69 anos,Feminino
2020-03-14,3,70 a 74 anos,Feminino
2020-03-14,6,70 a 74 anos,Masculino
2020-03-14,4,75 a 79 anos,Feminino
2020-03-14,3,75 a 79 anos,Masculino
2020-03-14,3,80 anos ou mais,Feminino
2020-03-14,2,80 anos ou mais,Masculino
2020-03-15,4,0 a 4 anos,Feminino
2020-03-15,3,0 a 4 anos,Masculino
2020-03-15,3,5 a 9 anos,Masculino
2020-03-15,2,5 a 9 anos,Feminino
2020-03-15,1,10 a 14 anos,Feminino
2020-03-15,1,15 a 19 anos,Masculino
2020-03-15,1,15 a 19 anos,Feminino
2020-03-15,6,20 a 24 anos,Masculino
2020-03-15,8,20 a 24 anos,Feminino
2020-03-15,10,25 a 29 anos,Feminino
2020-03-15,5,25 a 29 anos,Masculino
2020-03-15,12,30 a 34 anos,Masculino
2020-03-15,15,30 a 34 anos,Feminino
2020-03-15,1,35 a 39 anos,Indefinido
2020-03-15,18,35 a 39 anos,Feminino
2020-03-15,20,35 a 39 anos,Masculino
2020-03-15,14,40 a 44 anos,Feminino
2020-03-15,8,40 a 44 anos,Masculino
2020-03-15,10,45 a 49 anos,Masculino
2020-03-15,10,45 a 49 anos,Feminino
2020-03-15,11,50 a 54 anos,Masculino
2020-03-15,11,50 a 54 anos,Feminino
2020-03-15,8,55 a 59 anos,Masculino
2020-03-15,4,55 a 59 anos,Feminino
2020-03-15,3,60 a 64 anos,Feminino
2020-03-15,1,60 a 64 anos,Masculino
2020-03-15,4,65 a 69 anos,Masculino
2020-03-15,4,65 a 69 anos,Feminino
2020-03-15,4,70 a 74 anos,Feminino
2020-03-15,6,70 a 74 anos,Masculino
2020-03-15,4,75 a 79 anos,Feminino
2020-03-15,3,75 a 79 anos,Masculino
2020-03-15,3,80 anos ou mais,Feminino
2020-03-15,2,80 anos ou mais,Masculino
2020-03-16,4,0 a 4 anos,Feminino
2020-03-16,4,0 a 4 anos,Masculino
2020-03-16,3,5 a 9 anos,Masculino
2020-03-16,2,5 a 9 anos,Feminino
2020-03-16,1,10 a 14 anos,Feminino
2020-03-16,1,15 a 19 anos,Masculino
2020-03-16,1,15 a 19 anos,Feminino
2020-03-16,7,20 a 24 anos,Masculino
2020-03-16,11,20 a 24 anos,Feminino
2020-03-16,15,25 a 29 anos,Feminino
2020-03-16,6,25 a 29 anos,Masculino
2020-03-16,15,30 a 34 anos,Masculino
2020-03-16,21,30 a 34 anos,Feminino
2020-03-16,1,35 a 39 anos,Indefinido
2020-03-16,20,35 a 39 anos,Feminino
2020-03-16,24,35 a 39 anos,Masculino
2020-03-16,17,40 a 44 anos,Feminino
2020-03-16,10,40 a 44 anos,Masculino
2020-03-16,12,45 a 49 anos,Masculino
2020-03-16,12,45 a 49 anos,Feminino
2020-03-16,14,50 a 54 anos,Masculino
2020-03-16,13,50 a 54 anos,Feminino
2020-03-16,10,55 a 59 anos,Masculino
2020-03-16,6,55 a 59 anos,Feminino
2020-03-16,5,60 a 64 anos,Feminino
2020-03-16,2,60 a 64 anos,Masculino
2020-03-16,6,65 a 69 anos,Masculino
2020-03-16,5,65 a 69 anos,Feminino
2020-03-16,5,70 a 74 anos,Feminino
2020-03-16,7,70 a 74 anos,Masculino
2020-03-16,5,75 a 79 anos,Feminino
2020-03-16,3,75 a 79 anos,Masculino
2020-03-16,6,80 anos ou mais,Feminino
2020-03-16,3,80 anos ou mais,Masculino
2020-03-17,4,0 a 4 anos,Masculino
2020-03-17,4,0 a 4 anos,Feminino
2020-03-17,3,5 a 9 anos,Masculino
2020-03-17,2,5 a 9 anos,Feminino
2020-03-17,2,10 a 14 anos,Feminino
2020-03-17,1,15 a 19 anos,Masculino
2020-03-17,2,15 a 19 anos,Feminino
2020-03-17,10,20 a 24 anos,Masculino
2020-03-17,12,20 a 24 anos,Feminino
2020-03-17,1,25 a 29 anos,Indefinido
2020-03-17,15,25 a 29 anos,Feminino
2020-03-17,9,25 a 29 anos,Masculino
2020-03-17,17,30 a 34 anos,Masculino
2020-03-17,28,30 a 34 anos,Feminino
2020-03-17,1,35 a 39 anos,Indefinido
2020-03-17,26,35 a 39 anos,Feminino
2020-03-17,32,35 a 39 anos,Masculino
2020-03-17,22,40 a 44 anos,Feminino
2020-03-17,13,40 a 44 anos,Masculino
2020-03-17,16,45 a 49 anos,Feminino
2020-03-17,14,45 a 49 anos,Masculino
2020-03-17,17,50 a 54 anos,Masculino
2020-03-17,15,50 a 54 anos,Feminino
2020-03-17,14,55 a 59 anos,Masculino
2020-03-17,7,55 a 59 anos,Feminino
2020-03-17,7,60 a 64 anos,Feminino
2020-03-17,5,60 a 64 anos,Masculino
2020-03-17,8,65 a 69 anos,Masculino
2020-03-17,6,65 a 69 anos,Feminino
2020-03-17,6,70 a 74 anos,Feminino
2020-03-17,7,70 a 74 anos,Masculino
2020-03-17,7,75 a 79 anos,Feminino
2020-03-17,4,75 a 79 anos,Masculino
2020-03-17,7,80 anos ou mais,Feminino
2020-03-17,5,80 anos ou mais,Masculino
2020-03-18,4,0 a 4 anos,Masculino
2020-03-18,4,0 a 4 anos,Feminino
2020-03-18,4,5 a 9 anos,Masculino
2020-03-18,4,5 a 9 anos,Feminino
2020-03-18,2,10 a 14 anos,Feminino
2020-03-18,2,10 a 14 anos,Masculino
2020-03-18,3,15 a 19 anos,Feminino
2020-03-18,1,15 a 19 anos,Masculino
2020-03-18,14,20 a 24 anos,Feminino
2020-03-18,10,20 a 24 anos,Masculino
2020-03-18,1,25 a 29 anos,Indefinido
2020-03-18,19,25 a 29 anos,Feminino
2020-03-18,12,25 a 29 anos,Masculino
2020-03-18,23,30 a 34 anos,Masculino
2020-03-18,34,30 a 34 anos,Feminino
2020-03-18,1,35 a 39 anos,Indefinido
2020-03-18,34,35 a 39 anos,Feminino
2020-03-18,41,35 a 39 anos,Masculino
2020-03-18,32,40 a 44 anos,Feminino
2020-03-18,21,40 a 44 anos,Masculino
2020-03-18,22,45 a 49 anos,Feminino
2020-03-18,23,45 a 49 anos,Masculino
2020-03-18,23,50 a 54 anos,Masculino
2020-03-18,19,50 a 54 anos,Feminino
2020-03-18,21,55 a 59 anos,Masculino
2020-03-18,16,55 a 59 anos,Feminino
2020-03-18,12,60 a 64 anos,Feminino
2020-03-18,8,60 a 64 anos,Masculino
2020-03-18,11,65 a 69 anos,Masculino
2020-03-18,10,65 a 69 anos,Feminino
2020-03-18,8,70 a 74 anos,Feminino
2020-03-18,10,70 a 74 anos,Masculino
2020-03-18,9,75 a 79 anos,Feminino
2020-03-18,6,75 a 79 anos,Masculino
2020-03-18,8,80 anos ou mais,Feminino
2020-03-18,5,80 anos ou mais,Masculino
2020-03-18,1,Indefinido,Masculino
2020-03-19,4,0 a 4 anos,Masculino
2020-03-19,5,0 a 4 anos,Feminino
2020-03-19,5,5 a 9 anos,Masculino
2020-03-19,4,5 a 9 anos,Feminino
2020-03-19,2,10 a 14 anos,Feminino
2020-03-19,2,10 a 14 anos,Masculino
2020-03-19,4,15 a 19 anos,Feminino
2020-03-19,1,15 a 19 anos,Masculino
2020-03-19,18,20 a 24 anos,Feminino
2020-03-19,11,20 a 24 anos,Masculino
2020-03-19,1,25 a 29 anos,Indefinido
2020-03-19,21,25 a 29 anos,Feminino
2020-03-19,14,25 a 29 anos,Masculino
2020-03-19,28,30 a 34 anos,Masculino
2020-03-19,37,30 a 34 anos,Feminino
2020-03-19,1,35 a 39 anos,Indefinido
2020-03-19,40,35 a 39 anos,Feminino
2020-03-19,50,35 a 39 anos,Masculino
2020-03-19,39,40 a 44 anos,Feminino
2020-03-19,25,40 a 44 anos,Masculino
2020-03-19,26,45 a 49 anos,Feminino
2020-03-19,30,45 a 49 anos,Masculino
2020-03-19,33,50 a 54 anos,Masculino
2020-03-19,23,50 a 54 anos,Feminino
2020-03-19,27,55 a 59 anos,Masculino
2020-03-19,19,55 a 59 anos,Feminino
2020-03-19,15,60 a 64 anos,Feminino
2020-03-19,12,60 a 64 anos,Masculino
2020-03-19,12,65 a 69 anos,Masculino
2020-03-19,12,65 a 69 anos,Feminino
2020-03-19,10,70 a 74 anos,Feminino
2020-03-19,11,70 a 74 anos,Masculino
2020-03-19,10,75 a 79 anos,Feminino
2020-03-19,6,75 a 79 anos,Masculino
2020-03-19,10,80 anos ou mais,Feminino
2020-03-19,6,80 anos ou mais,Masculino
2020-03-19,3,Indefinido,Masculino
2020-03-20,5,0 a 4 anos,Masculino
2020-03-20,7,0 a 4 anos,Feminino
2020-03-20,5,5 a 9 anos,Masculino
2020-03-20,4,5 a 9 anos,Feminino
2020-03-20,2,10 a 14 anos,Feminino
2020-03-20,4,10 a 14 anos,Masculino
2020-03-20,6,15 a 19 anos,Feminino
2020-03-20,2,15 a 19 anos,Masculino
2020-03-20,22,20 a 24 anos,Feminino
2020-03-20,15,20 a 24 anos,Masculino
2020-03-20,1,25 a 29 anos,Indefinido
2020-03-20,31,25 a 29 anos,Feminino
2020-03-20,19,25 a 29 anos,Masculino
2020-03-20,46,30 a 34 anos,Masculino
2020-03-20,45,30 a 34 anos,Feminino
2020-03-20,1,35 a 39 anos,Indefinido
2020-03-20,54,35 a 39 anos,Feminino
2020-03-20,57,35 a 39 anos,Masculino
2020-03-20,47,40 a 44 anos,Feminino
2020-03-20,40,40 a 44 anos,Masculino
2020-03-20,34,45 a 49 anos,Feminino
2020-03-20,39,45 a 49 anos,Masculino
2020-03-20,45,50 a 54 anos,Masculino
2020-03-20,30,50 a 54 anos,Feminino
2020-03-20,34,55 a 59 anos,Masculino
2020-03-20,26,55 a 59 anos,Feminino
2020-03-20,20,60 a 64 anos,Feminino
2020-03-20,18,60 a 64 anos,Masculino
2020-03-20,16,65 a 69 anos,Masculino
2020-03-20,17,65 a 69 anos,Feminino
2020-03-20,13,70 a 74 anos,Feminino
2020-03-20,14,70 a 74 anos,Masculino
2020-03-20,10,75 a 79 anos,Feminino
2020-03-20,11,75 a 79 anos,Masculino
2020-03-20,13,80 anos ou mais,Feminino
2020-03-20,11,80 anos ou mais,Masculino
2020-03-20,3,Indefinido,Masculino
2020-03-21,6,0 a 4 anos,Masculino
2020-03-21,8,0 a 4 anos,Feminino
2020-03-21,5,5 a 9 anos,Masculino
2020-03-21,4,5 a 9 anos,Feminino
2020-03-21,2,10 a 14 anos,Feminino
2020-03-21,5,10 a 14 anos,Masculino
2020-03-21,8,15 a 19 anos,Feminino
2020-03-21,3,15 a 19 anos,Masculino
2020-03-21,1,20 a 24 anos,Indefinido
2020-03-21,18,20 a 24 anos,Masculino
2020-03-21,29,20 a 24 anos,Feminino
2020-03-21,1,25 a 29 anos,Indefinido
2020-03-21,45,25 a 29 anos,Feminino
2020-03-21,25,25 a 29 anos,Masculino
2020-03-21,56,30 a 34 anos,Feminino
2020-03-21,56,30 a 34 anos,Masculino
2020-03-21,1,35 a 39 anos,Indefinido
2020-03-21,72,35 a 39 anos,Feminino
2020-03-21,67,35 a 39 anos,Masculino
2020-03-21,54,40 a 44 anos,Feminino
2020-03-21,49,40 a 44 anos,Masculino
2020-03-21,41,45 a 49 anos,Feminino
2020-03-21,48,45 a 49 anos,Masculino
2020-03-21,48,50 a 54 anos,Masculino
2020-03-21,37,50 a 54 anos,Feminino
2020-03-21,40,55 a 59 anos,Masculino
2020-03-21,29,55 a 59 anos,Feminino
2020-03-21,24,60 a 64 anos,Feminino
2020-03-21,24,60 a 64 anos,Masculino
2020-03-21,17,65 a 69 anos,Masculino
2020-03-21,25,65 a 69 anos,Feminino
2020-03-21,17,70 a 74 anos,Feminino
2020-03-21,15,70 a 74 anos,Masculino
2020-03-21,11,75 a 79 anos,Feminino
2020-03-21,14,75 a 79 anos,Masculino
2020-03-21,15,80 anos ou mais,Feminino
2020-03-21,11,80 anos ou mais,Masculino
2020-03-21,3,Indefinido,Masculino
2020-03-22,7,0 a 4 anos,Masculino
2020-03-22,10,0 a 4 anos,Feminino
2020-03-22,5,5 a 9 anos,Masculino
2020-03-22,4,5 a 9 anos,Feminino
2020-03-22,2,10 a 14 anos,Feminino
2020-03-22,5,10 a 14 anos,Masculino
2020-03-22,8,15 a 19 anos,Feminino
2020-03-22,4,15 a 19 anos,Masculino
2020-03-22,1,20 a 24 anos,Indefinido
2020-03-22,21,20 a 24 anos,Masculino
2020-03-22,35,20 a 24 anos,Feminino
2020-03-22,1,25 a 29 anos,Indefinido
2020-03-22,56,25 a 29 anos,Feminino
2020-03-22,35,25 a 29 anos,Masculino
2020-03-22,62,30 a 34 anos,Feminino
2020-03-22,63,30 a 34 anos,Masculino
2020-03-22,1,35 a 39 anos,Indefinido
2020-03-22,84,35 a 39 anos,Feminino
2020-03-22,82,35 a 39 anos,Masculino
2020-03-22,62,40 a 44 anos,Feminino
2020-03-22,57,40 a 44 anos,Masculino
2020-03-22,46,45 a 49 anos,Feminino
2020-03-22,52,45 a 49 anos,Masculino
2020-03-22,54,50 a 54 anos,Masculino
2020-03-22,41,50 a 54 anos,Feminino
2020-03-22,44,55 a 59 anos,Masculino
2020-03-22,35,55 a 59 anos,Feminino
2020-03-22,31,60 a 64 anos,Feminino
2020-03-22,25,60 a 64 anos,Masculino
2020-03-22,22,65 a 69 anos,Masculino
2020-03-22,27,65 a 69 anos,Feminino
2020-03-22,20,70 a 74 anos,Feminino
2020-03-22,18,70 a 74 anos,Masculino
2020-03-22,13,75 a 79 anos,Feminino
2020-03-22,15,75 a 79 anos,Masculino
2020-03-22,15,80 anos ou mais,Feminino
2020-03-22,13,80 anos ou mais,Masculino
2020-03-22,3,Indefinido,Masculino
2020-03-23,9,0 a 4 anos,Masculino
2020-03-23,15,0 a 4 anos,Feminino
2020-03-23,5,5 a 9 anos,Masculino
2020-03-23,5,5 a 9 anos,Feminino
2020-03-23,4,10 a 14 anos,Feminino
2020-03-23,5,10 a 14 anos,Masculino
2020-03-23,10,15 a 19 anos,Feminino
2020-03-23,5,15 a 19 anos,Masculino
2020-03-23,1,20 a 24 anos,Indefinido
2020-03-23,22,20 a 24 anos,Masculino
2020-03-23,36,20 a 24 anos,Feminino
2020-03-23,1,25 a 29 anos,Indefinido
2020-03-23,65,25 a 29 anos,Feminino
2020-03-23,42,25 a 29 anos,Masculino
2020-03-23,75,30 a 34 anos,Feminino
2020-03-23,70,30 a 34 anos,Masculino
2020-03-23,1,35 a 39 anos,Indefinido
2020-03-23,101,35 a 39 anos,Feminino
2020-03-23,90,35 a 39 anos,Masculino
2020-03-23,75,40 a 44 anos,Feminino
2020-03-23,65,40 a 44 anos,Masculino
2020-03-23,57,45 a 49 anos,Feminino
2020-03-23,66,45 a 49 anos,Masculino
2020-03-23,63,50 a 54 anos,Masculino
2020-03-23,51,50 a 54 anos,Feminino
2020-03-23,50,55 a 59 anos,Masculino
2020-03-23,44,55 a 59 anos,Feminino
2020-03-23,33,60 a 64 anos,Feminino
2020-03-23,30,60 a 64 anos,Masculino
2020-03-23,28,65 a 69 anos,Masculino
2020-03-23,29,65 a 69 anos,Feminino
2020-03-23,24,70 a 74 anos,Feminino
2020-03-23,20,70 a 74 anos,Masculino
2020-03-23,15,75 a 79 anos,Feminino
2020-03-23,18,75 a 79 anos,Masculino
2020-03-23,19,80 anos ou mais,Feminino
2020-03-23,15,80 anos ou mais,Masculino
2020-03-23,3,Indefinido,Masculino
2020-03-24,10,0 a 4 anos,Masculino
2020-03-24,16,0 a 4 anos,Feminino
2020-03-24,7,5 a 9 anos,Masculino
2020-03-24,5,5 a 9 anos,Feminino
2020-03-24,5,10 a 14 anos,Feminino
2020-03-24,6,10 a 14 anos,Masculino
2020-03-24,10,15 a 19 anos,Feminino
2020-03-24,7,15 a 19 anos,Masculino
2020-03-24,1,20 a 24 anos,Indefinido
2020-03-24,24,20 a 24 anos,Masculino
2020-03-24,42,20 a 24 anos,Feminino
2020-03-24,1,25 a 29 anos,Indefinido
2020-03-24,74,25 a 29 anos,Feminino
2020-03-24,46,25 a 29 anos,Masculino
2020-03-24,93,30 a 34 anos,Feminino
2020-03-24,84,30 a 34 anos,Masculino
2020-03-24,1,35 a 39 anos,Indefinido
2020-03-24,117,35 a 39 anos,Feminino
2020-03-24,106,35 a 39 anos,Masculino
2020-03-24,94,40 a 44 anos,Feminino
2020-03-24,76,40 a 44 anos,Masculino
2020-03-24,69,45 a 49 anos,Feminino
2020-03-24,72,45 a 49 anos,Masculino
2020-03-24,68,50 a 54 anos,Masculino
2020-03-24,61,50 a 54 anos,Feminino
2020-03-24,50,55 a 59 anos,Feminino
2020-03-24,60,55 a 59 anos,Masculino
2020-03-24,36,60 a 64 anos,Feminino
2020-03-24,38,60 a 64 anos,Masculino
2020-03-24,38,65 a 69 anos,Feminino
2020-03-24,37,65 a 69 anos,Masculino
2020-03-24,26,70 a 74 anos,Feminino
2020-03-24,24,70 a 74 anos,Masculino
2020-03-24,19,75 a 79 anos,Feminino
2020-03-24,20,75 a 79 anos,Masculino
2020-03-24,27,80 anos ou mais,Feminino
2020-03-24,16,80 anos ou mais,Masculino
2020-03-24,1,Indefinido,Feminino
2020-03-24,3,Indefinido,Masculino
2020-03-25,11,0 a 4 anos,Masculino
2020-03-25,16,0 a 4 anos,Feminino
2020-03-25,8,5 a 9 anos,Masculino
2020-03-25,5,5 a 9 anos,Feminino
2020-03-25,5,10 a 14 anos,Feminino
2020-03-25,6,10 a 14 anos,Masculino
2020-03-25,11,15 a 19 anos,Feminino
2020-03-25,8,15 a 19 anos,Masculino
2020-03-25,1,20 a 24 anos,Indefinido
2020-03-25,27,20 a 24 anos,Masculino
2020-03-25,48,20 a 24 anos,Feminino
2020-03-25,1,25 a 29 anos,Indefinido
2020-03-25,83,25 a 29 anos,Feminino
2020-03-25,51,25 a 29 anos,Masculino
2020-03-25,108,30 a 34 anos,Feminino
2020-03-25,91,30 a 34 anos,Masculino
2020-03-25,1,35 a 39 anos,Indefinido
2020-03-25,129,35 a 39 anos,Feminino
2020-03-25,112,35 a 39 anos,Masculino
2020-03-25,102,40 a 44 anos,Feminino
2020-03-25,86,40 a 44 anos,Masculino
2020-03-25,78,45 a 49 anos,Feminino
2020-03-25,89,45 a 49 anos,Masculino
2020-03-25,72,50 a 54 anos,Masculino
2020-03-25,66,50 a 54 anos,Feminino
2020-03-25,55,55 a 59 anos,Feminino
2020-03-25,69,55 a 59 anos,Masculino
2020-03-25,47,60 a 64 anos,Feminino
2020-03-25,46,60 a 64 anos,Masculino
2020-03-25,48,65 a 69 anos,Feminino
2020-03-25,41,65 a 69 anos,Masculino
2020-03-25,29,70 a 74 anos,Feminino
2020-03-25,31,70 a 74 anos,Masculino
2020-03-25,22,75 a 79 anos,Feminino
2020-03-25,21,75 a 79 anos,Masculino
2020-03-25,30,80 anos ou mais,Feminino
2020-03-25,21,80 anos ou mais,Masculino
2020-03-25,3,Indefinido,Feminino
2020-03-25,3,Indefinido,Masculino
2020-03-26,12,0 a 4 anos,Masculino
2020-03-26,17,0 a 4 anos,Feminino
2020-03-26,9,5 a 9 anos,Masculino
2020-03-26,6,5 a 9 anos,Feminino
2020-03-26,5,10 a 14 anos,Feminino
2020-03-26,6,10 a 14 anos,Masculino
2020-03-26,12,15 a 19 anos,Feminino
2020-03-26,8,15 a 19 anos,Masculino
2020-03-26,1,20 a 24 anos,Indefinido
2020-03-26,29,20 a 24 anos,Masculino
2020-03-26,50,20 a 24 anos,Feminino
2020-03-26,1,25 a 29 anos,Indefinido
2020-03-26,87,25 a 29 anos,Feminino
2020-03-26,56,25 a 29 anos,Masculino
2020-03-26,123,30 a 34 anos,Feminino
2020-03-26,101,30 a 34 anos,Masculino
2020-03-26,1,35 a 39 anos,Indefinido
2020-03-26,142,35 a 39 anos,Feminino
2020-03-26,116,35 a 39 anos,Masculino
2020-03-26,115,40 a 44 anos,Feminino
2020-03-26,95,40 a 44 anos,Masculino
2020-03-26,92,45 a 49 anos,Feminino
2020-03-26,92,45 a 49 anos,Masculino
2020-03-26,80,50 a 54 anos,Masculino
2020-03-26,76,50 a 54 anos,Feminino
2020-03-26,61,55 a 59 anos,Feminino
2020-03-26,74,55 a 59 anos,Masculino
2020-03-26,51,60 a 64 anos,Feminino
2020-03-26,54,60 a 64 anos,Masculino
2020-03-26,56,65 a 69 anos,Feminino
2020-03-26,44,65 a 69 anos,Masculino
2020-03-26,32,70 a 74 anos,Feminino
2020-03-26,35,70 a 74 anos,Masculino
2020-03-26,25,75 a 79 anos,Feminino
2020-03-26,23,75 a 79 anos,Masculino
2020-03-26,34,80 anos ou mais,Feminino
2020-03-26,27,80 anos ou mais,Masculino
2020-03-26,5,Indefinido,Feminino
2020-03-26,4,Indefinido,Masculino
2020-03-27,14,0 a 4 anos,Masculino
2020-03-27,21,0 a 4 anos,Feminino
2020-03-27,10,5 a 9 anos,Masculino
2020-03-27,6,5 a 9 anos,Feminino
2020-03-27,5,10 a 14 anos,Feminino
2020-03-27,6,10 a 14 anos,Masculino
2020-03-27,13,15 a 19 anos,Feminino
2020-03-27,8,15 a 19 anos,Masculino
2020-03-27,1,20 a 24 anos,Indefinido
2020-03-27,32,20 a 24 anos,Masculino
2020-03-27,54,20 a 24 anos,Feminino
2020-03-27,1,25 a 29 anos,Indefinido
2020-03-27,89,25 a 29 anos,Feminino
2020-03-27,62,25 a 29 anos,Masculino
2020-03-27,1,30 a 34 anos,Indefinido
2020-03-27,129,30 a 34 anos,Feminino
2020-03-27,108,30 a 34 anos,Masculino
2020-03-27,1,35 a 39 anos,Indefinido
2020-03-27,151,35 a 39 anos,Feminino
2020-03-27,122,35 a 39 anos,Masculino
2020-03-27,130,40 a 44 anos,Feminino
2020-03-27,98,40 a 44 anos,Masculino
2020-03-27,98,45 a 49 anos,Feminino
2020-03-27,98,45 a 49 anos,Masculino
2020-03-27,91,50 a 54 anos,Masculino
2020-03-27,79,50 a 54 anos,Feminino
2020-03-27,68,55 a 59 anos,Feminino
2020-03-27,79,55 a 59 anos,Masculino
2020-03-27,55,60 a 64 anos,Feminino
2020-03-27,55,60 a 64 anos,Masculino
2020-03-27,61,65 a 69 anos,Feminino
2020-03-27,49,65 a 69 anos,Masculino
2020-03-27,38,70 a 74 anos,Feminino
2020-03-27,38,70 a 74 anos,Masculino
2020-03-27,29,75 a 79 anos,Feminino
2020-03-27,23,75 a 79 anos,Masculino
2020-03-27,37,80 anos ou mais,Feminino
2020-03-27,30,80 anos ou mais,Masculino
2020-03-27,5,Indefinido,Feminino
2020-03-27,4,Indefinido,Masculino
2020-03-28,14,0 a 4 anos,Masculino
2020-03-28,21,0 a 4 anos,Feminino
2020-03-28,10,5 a 9 anos,Masculino
2020-03-28,7,5 a 9 anos,Feminino
2020-03-28,5,10 a 14 anos,Feminino
2020-03-28,6,10 a 14 anos,Masculino
2020-03-28,13,15 a 19 anos,Feminino
2020-03-28,9,15 a 19 anos,Masculino
2020-03-28,1,20 a 24 anos,Indefinido
2020-03-28,35,20 a 24 anos,Masculino
2020-03-28,55,20 a 24 anos,Feminino
2020-03-28,1,25 a 29 anos,Indefinido
2020-03-28,95,25 a 29 anos,Feminino
2020-03-28,68,25 a 29 anos,Masculino
2020-03-28,1,30 a 34 anos,Indefinido
2020-03-28,133,30 a 34 anos,Feminino
2020-03-28,114,30 a 34 anos,Masculino
2020-03-28,1,35 a 39 anos,Indefinido
2020-03-28,158,35 a 39 anos,Feminino
2020-03-28,128,35 a 39 anos,Masculino
2020-03-28,138,40 a 44 anos,Feminino
2020-03-28,102,40 a 44 anos,Masculino
2020-03-28,102,45 a 49 anos,Feminino
2020-03-28,103,45 a 49 anos,Masculino
2020-03-28,94,50 a 54 anos,Masculino
2020-03-28,83,50 a 54 anos,Feminino
2020-03-28,73,55 a 59 anos,Feminino
2020-03-28,83,55 a 59 anos,Masculino
2020-03-28,57,60 a 64 anos,Feminino
2020-03-28,62,60 a 64 anos,Masculino
2020-03-28,63,65 a 69 anos,Feminino
2020-03-28,52,65 a 69 anos,Masculino
2020-03-28,40,70 a 74 anos,Feminino
2020-03-28,44,70 a 74 anos,Masculino
2020-03-28,30,75 a 79 anos,Feminino
2020-03-28,25,75 a 79 anos,Masculino
2020-03-28,40,80 anos ou mais,Feminino
2020-03-28,33,80 anos ou mais,Masculino
2020-03-28,5,Indefinido,Feminino
2020-03-28,4,Indefinido,Masculino
2020-03-29,15,0 a 4 anos,Masculino
2020-03-29,24,0 a 4 anos,Feminino
2020-03-29,10,5 a 9 anos,Masculino
2020-03-29,7,5 a 9 anos,Feminino
2020-03-29,5,10 a 14 anos,Feminino
2020-03-29,8,10 a 14 anos,Masculino
2020-03-29,13,15 a 19 anos,Feminino
2020-03-29,10,15 a 19 anos,Masculino
2020-03-29,1,20 a 24 anos,Indefinido
2020-03-29,35,20 a 24 anos,Masculino
2020-03-29,59,20 a 24 anos,Feminino
2020-03-29,1,25 a 29 anos,Indefinido
2020-03-29,102,25 a 29 anos,Feminino
2020-03-29,72,25 a 29 anos,Masculino
2020-03-29,1,30 a 34 anos,Indefinido
2020-03-29,136,30 a 34 anos,Feminino
2020-03-29,122,30 a 34 anos,Masculino
2020-03-29,1,35 a 39 anos,Indefinido
2020-03-29,164,35 a 39 anos,Feminino
2020-03-29,132,35 a 39 anos,Masculino
2020-03-29,148,40 a 44 anos,Feminino
2020-03-29,106,40 a 44 anos,Masculino
2020-03-29,108,45 a 49 anos,Feminino
2020-03-29,110,45 a 49 anos,Masculino
2020-03-29,98,50 a 54 anos,Masculino
2020-03-29,85,50 a 54 anos,Feminino
2020-03-29,76,55 a 59 anos,Feminino
2020-03-29,87,55 a 59 anos,Masculino
2020-03-29,59,60 a 64 anos,Feminino
2020-03-29,65,60 a 64 anos,Masculino
2020-03-29,63,65 a 69 anos,Feminino
2020-03-29,54,65 a 69 anos,Masculino
2020-03-29,41,70 a 74 anos,Feminino
2020-03-29,48,70 a 74 anos,Masculino
2020-03-29,31,75 a 79 anos,Feminino
2020-03-29,26,75 a 79 anos,Masculino
2020-03-29,41,80 anos ou mais,Feminino
2020-03-29,34,80 anos ou mais,Masculino
2020-03-29,5,Indefinido,Feminino
2020-03-29,4,Indefinido,Masculino
2020-03-30,15,0 a 4 anos,Masculino
2020-03-30,27,0 a 4 anos,Feminino
2020-03-30,10,5 a 9 anos,Masculino
2020-03-30,7,5 a 9 anos,Feminino
2020-03-30,6,10 a 14 anos,Feminino
2020-03-30,8,10 a 14 anos,Masculino
2020-03-30,13,15 a 19 anos,Feminino
2020-03-30,10,15 a 19 anos,Masculino
2020-03-30,1,20 a 24 anos,Indefinido
2020-03-30,39,20 a 24 anos,Masculino
2020-03-30,61,20 a 24 anos,Feminino
2020-03-30,1,25 a 29 anos,Indefinido
2020-03-30,108,25 a 29 anos,Feminino
2020-03-30,76,25 a 29 anos,Masculino
2020-03-30,1,30 a 34 anos,Indefinido
2020-03-30,143,30 a 34 anos,Feminino
2020-03-30,127,30 a 34 anos,Masculino
2020-03-30,1,35 a 39 anos,Indefinido
2020-03-30,174,35 a 39 anos,Feminino
2020-03-30,140,35 a 39 anos,Masculino
2020-03-30,156,40 a 44 anos,Feminino
2020-03-30,115,40 a 44 anos,Masculino
2020-03-30,116,45 a 49 anos,Feminino
2020-03-30,115,45 a 49 anos,Masculino
2020-03-30,107,50 a 54 anos,Masculino
2020-03-30,93,50 a 54 anos,Feminino
2020-03-30,82,55 a 59 anos,Feminino
2020-03-30,91,55 a 59 anos,Masculino
2020-03-30,63,60 a 64 anos,Feminino
2020-03-30,66,60 a 64 anos,Masculino
2020-03-30,70,65 a 69 anos,Feminino
2020-03-30,57,65 a 69 anos,Masculino
2020-03-30,42,70 a 74 anos,Feminino
2020-03-30,53,70 a 74 anos,Masculino
2020-03-30,36,75 a 79 anos,Feminino
2020-03-30,29,75 a 79 anos,Masculino
2020-03-30,46,80 anos ou mais,Feminino
2020-03-30,36,80 anos ou mais,Masculino
2020-03-30,5,Indefinido,Feminino
2020-03-30,4,Indefinido,Masculino
2020-03-31,20,0 a 4 anos,Masculino
2020-03-31,28,0 a 4 anos,Feminino
2020-03-31,11,5 a 9 anos,Masculino
2020-03-31,7,5 a 9 anos,Feminino
2020-03-31,6,10 a 14 anos,Feminino
2020-03-31,8,10 a 14 anos,Masculino
2020-03-31,14,15 a 19 anos,Feminino
2020-03-31,11,15 a 19 anos,Masculino
2020-03-31,1,20 a 24 anos,Indefinido
2020-03-31,39,20 a 24 anos,Masculino
2020-03-31,62,20 a 24 anos,Feminino
2020-03-31,1,25 a 29 anos,Indefinido
2020-03-31,113,25 a 29 anos,Feminino
2020-03-31,79,25 a 29 anos,Masculino
2020-03-31,1,30 a 34 anos,Indefinido
2020-03-31,155,30 a 34 anos,Feminino
2020-03-31,130,30 a 34 anos,Masculino
2020-03-31,1,35 a 39 anos,Indefinido
2020-03-31,178,35 a 39 anos,Feminino
2020-03-31,142,35 a 39 anos,Masculino
2020-03-31,167,40 a 44 anos,Feminino
2020-03-31,117,40 a 44 anos,Masculino
2020-03-31,120,45 a 49 anos,Feminino
2020-03-31,123,45 a 49 anos,Masculino
2020-03-31,111,50 a 54 anos,Masculino
2020-03-31,96,50 a 54 anos,Feminino
2020-03-31,88,55 a 59 anos,Feminino
2020-03-31,99,55 a 59 anos,Masculino
2020-03-31,68,60 a 64 anos,Feminino
2020-03-31,73,60 a 64 anos,Masculino
2020-03-31,74,65 a 69 anos,Feminino
2020-03-31,62,65 a 69 anos,Masculino
2020-03-31,46,70 a 74 anos,Feminino
2020-03-31,56,70 a 74 anos,Masculino
2020-03-31,37,75 a 79 anos,Feminino
2020-03-31,30,75 a 79 anos,Masculino
2020-03-31,51,80 anos ou mais,Feminino
2020-03-31,40,80 anos ou mais,Masculino
2020-03-31,5,Indefinido,Feminino
2020-03-31,4,Indefinido,Masculino
2020-04-01,22,0 a 4 anos,Masculino
2020-04-01,30,0 a 4 anos,Feminino
2020-04-01,12,5 a 9 anos,Masculino
2020-04-01,8,5 a 9 anos,Feminino
2020-04-01,7,10 a 14 anos,Feminino
2020-04-01,8,10 a 14 anos,Masculino
2020-04-01,16,15 a 19 anos,Feminino
2020-04-01,11,15 a 19 anos,Masculino
2020-04-01,1,20 a 24 anos,Indefinido
2020-04-01,41,20 a 24 anos,Masculino
2020-04-01,67,20 a 24 anos,Feminino
2020-04-01,1,25 a 29 anos,Indefinido
2020-04-01,118,25 a 29 anos,Feminino
2020-04-01,82,25 a 29 anos,Masculino
2020-04-01,1,30 a 34 anos,Indefinido
2020-04-01,160,30 a 34 anos,Feminino
2020-04-01,137,30 a 34 anos,Masculino
2020-04-01,1,35 a 39 anos,Indefinido
2020-04-01,190,35 a 39 anos,Feminino
2020-04-01,152,35 a 39 anos,Masculino
2020-04-01,180,40 a 44 anos,Feminino
2020-04-01,121,40 a 44 anos,Masculino
2020-04-01,130,45 a 49 anos,Feminino
2020-04-01,136,45 a 49 anos,Masculino
2020-04-01,126,50 a 54 anos,Masculino
2020-04-01,110,50 a 54 anos,Feminino
2020-04-01,93,55 a 59 anos,Feminino
2020-04-01,118,55 a 59 anos,Masculino
2020-04-01,75,60 a 64 anos,Feminino
2020-04-01,79,60 a 64 anos,Masculino
2020-04-01,76,65 a 69 anos,Feminino
2020-04-01,64,65 a 69 anos,Masculino
2020-04-01,48,70 a 74 anos,Feminino
2020-04-01,64,70 a 74 anos,Masculino
2020-04-01,42,75 a 79 anos,Feminino
2020-04-01,33,75 a 79 anos,Masculino
2020-04-01,59,80 anos ou mais,Feminino
2020-04-01,48,80 anos ou mais,Masculino
2020-04-01,5,Indefinido,Feminino
2020-04-01,5,Indefinido,Masculino
2020-04-02,24,0 a 4 anos,Masculino
2020-04-02,30,0 a 4 anos,Feminino
2020-04-02,13,5 a 9 anos,Masculino
2020-04-02,8,5 a 9 anos,Feminino
2020-04-02,7,10 a 14 anos,Feminino
2020-04-02,8,10 a 14 anos,Masculino
2020-04-02,16,15 a 19 anos,Feminino
2020-04-02,11,15 a 19 anos,Masculino
2020-04-02,1,20 a 24 anos,Indefinido
2020-04-02,42,20 a 24 anos,Masculino
2020-04-02,70,20 a 24 anos,Feminino
2020-04-02,1,25 a 29 anos,Indefinido
2020-04-02,124,25 a 29 anos,Feminino
2020-04-02,84,25 a 29 anos,Masculino
2020-04-02,1,30 a 34 anos,Indefinido
2020-04-02,166,30 a 34 anos,Feminino
2020-04-02,142,30 a 34 anos,Masculino
2020-04-02,1,35 a 39 anos,Indefinido
2020-04-02,200,35 a 39 anos,Feminino
2020-04-02,158,35 a 39 anos,Masculino
2020-04-02,193,40 a 44 anos,Feminino
2020-04-02,124,40 a 44 anos,Masculino
2020-04-02,137,45 a 49 anos,Feminino
2020-04-02,142,45 a 49 anos,Masculino
2020-04-02,133,50 a 54 anos,Masculino
2020-04-02,120,50 a 54 anos,Feminino
2020-04-02,100,55 a 59 anos,Feminino
2020-04-02,121,55 a 59 anos,Masculino
2020-04-02,83,60 a 64 anos,Feminino
2020-04-02,85,60 a 64 anos,Masculino
2020-04-02,81,65 a 69 anos,Feminino
2020-04-02,69,65 a 69 anos,Masculino
2020-04-02,54,70 a 74 anos,Feminino
2020-04-02,71,70 a 74 anos,Masculino
2020-04-02,44,75 a 79 anos,Feminino
2020-04-02,34,75 a 79 anos,Masculino
2020-04-02,60,80 anos ou mais,Feminino
2020-04-02,52,80 anos ou mais,Masculino
2020-04-02,5,Indefinido,Feminino
2020-04-02,5,Indefinido,Masculino
2020-04-03,25,0 a 4 anos,Masculino
2020-04-03,31,0 a 4 anos,Feminino
2020-04-03,13,5 a 9 anos,Masculino
2020-04-03,8,5 a 9 anos,Feminino
2020-04-03,7,10 a 14 anos,Feminino
2020-04-03,8,10 a 14 anos,Masculino
2020-04-03,16,15 a 19 anos,Feminino
2020-04-03,13,15 a 19 anos,Masculino
2020-04-03,1,20 a 24 anos,Indefinido
2020-04-03,46,20 a 24 anos,Masculino
2020-04-03,72,20 a 24 anos,Feminino
2020-04-03,1,25 a 29 anos,Indefinido
2020-04-03,127,25 a 29 anos,Feminino
2020-04-03,88,25 a 29 anos,Masculino
2020-04-03,1,30 a 34 anos,Indefinido
2020-04-03,176,30 a 34 anos,Feminino
2020-04-03,155,30 a 34 anos,Masculino
2020-04-03,1,35 a 39 anos,Indefinido
2020-04-03,208,35 a 39 anos,Feminino
2020-04-03,165,35 a 39 anos,Masculino
2020-04-03,203,40 a 44 anos,Feminino
2020-04-03,130,40 a 44 anos,Masculino
2020-04-03,147,45 a 49 anos,Feminino
2020-04-03,145,45 a 49 anos,Masculino
2020-04-03,134,50 a 54 anos,Masculino
2020-04-03,125,50 a 54 anos,Feminino
2020-04-03,103,55 a 59 anos,Feminino
2020-04-03,124,55 a 59 anos,Masculino
2020-04-03,87,60 a 64 anos,Feminino
2020-04-03,86,60 a 64 anos,Masculino
2020-04-03,83,65 a 69 anos,Feminino
2020-04-03,73,65 a 69 anos,Masculino
2020-04-03,56,70 a 74 anos,Feminino
2020-04-03,71,70 a 74 anos,Masculino
2020-04-03,49,75 a 79 anos,Feminino
2020-04-03,40,75 a 79 anos,Masculino
2020-04-03,63,80 anos ou mais,Feminino
2020-04-03,55,80 anos ou mais,Masculino
2020-04-03,5,Indefinido,Feminino
2020-04-03,5,Indefinido,Masculino
2020-04-04,27,0 a 4 anos,Masculino
2020-04-04,32,0 a 4 anos,Feminino
2020-04-04,14,5 a 9 anos,Masculino
2020-04-04,8,5 a 9 anos,Feminino
2020-04-04,7,10 a 14 anos,Feminino
2020-04-04,8,10 a 14 anos,Masculino
2020-04-04,16,15 a 19 anos,Feminino
2020-04-04,14,15 a 19 anos,Masculino
2020-04-04,1,20 a 24 anos,Indefinido
2020-04-04,48,20 a 24 anos,Masculino
2020-04-04,73,20 a 24 anos,Feminino
2020-04-04,1,25 a 29 anos,Indefinido
2020-04-04,134,25 a 29 anos,Feminino
2020-04-04,93,25 a 29 anos,Masculino
2020-04-04,1,30 a 34 anos,Indefinido
2020-04-04,184,30 a 34 anos,Feminino
2020-04-04,160,30 a 34 anos,Masculino
2020-04-04,1,35 a 39 anos,Indefinido
2020-04-04,212,35 a 39 anos,Feminino
2020-04-04,175,35 a 39 anos,Masculino
2020-04-04,207,40 a 44 anos,Feminino
2020-04-04,137,40 a 44 anos,Masculino
2020-04-04,154,45 a 49 anos,Feminino
2020-04-04,153,45 a 49 anos,Masculino
2020-04-04,145,50 a 54 anos,Masculino
2020-04-04,134,50 a 54 anos,Feminino
2020-04-04,110,55 a 59 anos,Feminino
2020-04-04,128,55 a 59 anos,Masculino
2020-04-04,95,60 a 64 anos,Feminino
2020-04-04,95,60 a 64 anos,Masculino
2020-04-04,88,65 a 69 anos,Feminino
2020-04-04,77,65 a 69 anos,Masculino
2020-04-04,58,70 a 74 anos,Feminino
2020-04-04,78,70 a 74 anos,Masculino
2020-04-04,50,75 a 79 anos,Feminino
2020-04-04,48,75 a 79 anos,Masculino
2020-04-04,70,80 anos ou mais,Feminino
2020-04-04,59,80 anos ou mais,Masculino
2020-04-04,5,Indefinido,Feminino
2020-04-04,5,Indefinido,Masculino
2020-04-05,29,0 a 4 anos,Masculino
2020-04-05,32,0 a 4 anos,Feminino
2020-04-05,14,5 a 9 anos,Masculino
2020-04-05,9,5 a 9 anos,Feminino
2020-04-05,7,10 a 14 anos,Feminino
2020-04-05,9,10 a 14 anos,Masculino
2020-04-05,16,15 a 19 anos,Feminino
2020-04-05,17,15 a 19 anos,Masculino
2020-04-05,1,20 a 24 anos,Indefinido
2020-04-05,50,20 a 24 anos,Masculino
2020-04-05,78,20 a 24 anos,Feminino
2020-04-05,1,25 a 29 anos,Indefinido
2020-04-05,142,25 a 29 anos,Feminino
2020-04-05,96,25 a 29 anos,Masculino
2020-04-05,1,30 a 34 anos,Indefinido
2020-04-05,192,30 a 34 anos,Feminino
2020-04-05,163,30 a 34 anos,Masculino
2020-04-05,1,35 a 39 anos,Indefinido
2020-04-05,221,35 a 39 anos,Feminino
2020-04-05,185,35 a 39 anos,Masculino
2020-04-05,221,40 a 44 anos,Feminino
2020-04-05,141,40 a 44 anos,Masculino
2020-04-05,160,45 a 49 anos,Feminino
2020-04-05,158,45 a 49 anos,Masculino
2020-04-05,151,50 a 54 anos,Masculino
2020-04-05,139,50 a 54 anos,Feminino
2020-04-05,118,55 a 59 anos,Feminino
2020-04-05,133,55 a 59 anos,Masculino
2020-04-05,103,60 a 64 anos,Feminino
2020-04-05,101,60 a 64 anos,Masculino
2020-04-05,91,65 a 69 anos,Feminino
2020-04-05,84,65 a 69 anos,Masculino
2020-04-05,59,70 a 74 anos,Feminino
2020-04-05,81,70 a 74 anos,Masculino
2020-04-05,53,75 a 79 anos,Feminino
2020-04-05,51,75 a 79 anos,Masculino
2020-04-05,79,80 anos ou mais,Feminino
2020-04-05,64,80 anos ou mais,Masculino
2020-04-05,5,Indefinido,Feminino
2020-04-05,5,Indefinido,Masculino
2020-04-06,31,0 a 4 anos,Masculino
2020-04-06,32,0 a 4 anos,Feminino
2020-04-06,14,5 a 9 anos,Masculino
2020-04-06,10,5 a 9 anos,Feminino
2020-04-06,8,10 a 14 anos,Feminino
2020-04-06,9,10 a 14 anos,Masculino
2020-04-06,18,15 a 19 anos,Feminino
2020-04-06,17,15 a 19 anos,Masculino
2020-04-06,1,20 a 24 anos,Indefinido
2020-04-06,53,20 a 24 anos,Masculino
2020-04-06,84,20 a 24 anos,Feminino
2020-04-06,1,25 a 29 anos,Indefinido
2020-04-06,149,25 a 29 anos,Feminino
2020-04-06,102,25 a 29 anos,Masculino
2020-04-06,1,30 a 34 anos,Indefinido
2020-04-06,207,30 a 34 anos,Feminino
2020-04-06,171,30 a 34 anos,Masculino
2020-04-06,1,35 a 39 anos,Indefinido
2020-04-06,231,35 a 39 anos,Feminino
2020-04-06,193,35 a 39 anos,Masculino
2020-04-06,236,40 a 44 anos,Feminino
2020-04-06,146,40 a 44 anos,Masculino
2020-04-06,175,45 a 49 anos,Feminino
2020-04-06,164,45 a 49 anos,Masculino
2020-04-06,159,50 a 54 anos,Masculino
2020-04-06,146,50 a 54 anos,Feminino
2020-04-06,125,55 a 59 anos,Feminino
2020-04-06,136,55 a 59 anos,Masculino
2020-04-06,112,60 a 64 anos,Feminino
2020-04-06,110,60 a 64 anos,Masculino
2020-04-06,94,65 a 69 anos,Feminino
2020-04-06,92,65 a 69 anos,Masculino
2020-04-06,60,70 a 74 anos,Feminino
2020-04-06,86,70 a 74 anos,Masculino
2020-04-06,55,75 a 79 anos,Feminino
2020-04-06,55,75 a 79 anos,Masculino
2020-04-06,90,80 anos ou mais,Feminino
2020-04-06,71,80 anos ou mais,Masculino
2020-04-06,5,Indefinido,Feminino
2020-04-06,5,Indefinido,Masculino
2020-04-07,31,0 a 4 anos,Masculino
2020-04-07,34,0 a 4 anos,Feminino
2020-04-07,15,5 a 9 anos,Masculino
2020-04-07,10,5 a 9 anos,Feminino
2020-04-07,8,10 a 14 anos,Feminino
2020-04-07,9,10 a 14 anos,Masculino
2020-04-07,19,15 a 19 anos,Feminino
2020-04-07,17,15 a 19 anos,Masculino
2020-04-07,1,20 a 24 anos,Indefinido
2020-04-07,57,20 a 24 anos,Masculino
2020-04-07,93,20 a 24 anos,Feminino
2020-04-07,1,25 a 29 anos,Indefinido
2020-04-07,154,25 a 29 anos,Feminino
2020-04-07,107,25 a 29 anos,Masculino
2020-04-07,1,30 a 34 anos,Indefinido
2020-04-07,227,30 a 34 anos,Feminino
2020-04-07,179,30 a 34 anos,Masculino
2020-04-07,1,35 a 39 anos,Indefinido
2020-04-07,243,35 a 39 anos,Feminino
2020-04-07,204,35 a 39 anos,Masculino
2020-04-07,247,40 a 44 anos,Feminino
2020-04-07,153,40 a 44 anos,Masculino
2020-04-07,180,45 a 49 anos,Feminino
2020-04-07,175,45 a 49 anos,Masculino
2020-04-07,171,50 a 54 anos,Masculino
2020-04-07,160,50 a 54 anos,Feminino
2020-04-07,130,55 a 59 anos,Feminino
2020-04-07,140,55 a 59 anos,Masculino
2020-04-07,118,60 a 64 anos,Feminino
2020-04-07,118,60 a 64 anos,Masculino
2020-04-07,99,65 a 69 anos,Feminino
2020-04-07,105,65 a 69 anos,Masculino
2020-04-07,65,70 a 74 anos,Feminino
2020-04-07,92,70 a 74 anos,Masculino
2020-04-07,57,75 a 79 anos,Feminino
2020-04-07,56,75 a 79 anos,Masculino
2020-04-07,100,80 anos ou mais,Feminino
2020-04-07,78,80 anos ou mais,Masculino
2020-04-07,5,Indefinido,Feminino
2020-04-07,5,Indefinido,Masculino
2020-04-08,34,0 a 4 anos,Masculino
2020-04-08,36,0 a 4 anos,Feminino
2020-04-08,15,5 a 9 anos,Masculino
2020-04-08,10,5 a 9 anos,Feminino
2020-04-08,8,10 a 14 anos,Feminino
2020-04-08,10,10 a 14 anos,Masculino
2020-04-08,21,15 a 19 anos,Feminino
2020-04-08,19,15 a 19 anos,Masculino
2020-04-08,1,20 a 24 anos,Indefinido
2020-04-08,62,20 a 24 anos,Masculino
2020-04-08,101,20 a 24 anos,Feminino
2020-04-08,1,25 a 29 anos,Indefinido
2020-04-08,167,25 a 29 anos,Feminino
2020-04-08,121,25 a 29 anos,Masculino
2020-04-08,1,30 a 34 anos,Indefinido
2020-04-08,246,30 a 34 anos,Feminino
2020-04-08,188,30 a 34 anos,Masculino
2020-04-08,1,35 a 39 anos,Indefinido
2020-04-08,254,35 a 39 anos,Feminino
2020-04-08,212,35 a 39 anos,Masculino
2020-04-08,254,40 a 44 anos,Feminino
2020-04-08,165,40 a 44 anos,Masculino
2020-04-08,193,45 a 49 anos,Feminino
2020-04-08,192,45 a 49 anos,Masculino
2020-04-08,180,50 a 54 anos,Masculino
2020-04-08,172,50 a 54 anos,Feminino
2020-04-08,142,55 a 59 anos,Feminino
2020-04-08,144,55 a 59 anos,Masculino
2020-04-08,122,60 a 64 anos,Feminino
2020-04-08,127,60 a 64 anos,Masculino
2020-04-08,104,65 a 69 anos,Feminino
2020-04-08,112,65 a 69 anos,Masculino
2020-04-08,74,70 a 74 anos,Feminino
2020-04-08,96,70 a 74 anos,Masculino
2020-04-08,65,75 a 79 anos,Feminino
2020-04-08,62,75 a 79 anos,Masculino
2020-04-08,110,80 anos ou mais,Feminino
2020-04-08,83,80 anos ou mais,Masculino
2020-04-08,5,Indefinido,Feminino
2020-04-08,5,Indefinido,Masculino
2020-04-09,34,0 a 4 anos,Masculino
2020-04-09,37,0 a 4 anos,Feminino
2020-04-09,15,5 a 9 anos,Masculino
2020-04-09,10,5 a 9 anos,Feminino
2020-04-09,11,10 a 14 anos,Feminino
2020-04-09,11,10 a 14 anos,Masculino
2020-04-09,21,15 a 19 anos,Feminino
2020-04-09,20,15 a 19 anos,Masculino
2020-04-09,1,20 a 24 anos,Indefinido
2020-04-09,68,20 a 24 anos,Masculino
2020-04-09,108,20 a 24 anos,Feminino
2020-04-09,1,25 a 29 anos,Indefinido
2020-04-09,175,25 a 29 anos,Feminino
2020-04-09,129,25 a 29 anos,Masculino
2020-04-09,1,30 a 34 anos,Indefinido
2020-04-09,259,30 a 34 anos,Feminino
2020-04-09,204,30 a 34 anos,Masculino
2020-04-09,1,35 a 39 anos,Indefinido
2020-04-09,263,35 a 39 anos,Feminino
2020-04-09,225,35 a 39 anos,Masculino
2020-04-09,270,40 a 44 anos,Feminino
2020-04-09,177,40 a 44 anos,Masculino
2020-04-09,203,45 a 49 anos,Feminino
2020-04-09,203,45 a 49 anos,Masculino
2020-04-09,191,50 a 54 anos,Masculino
2020-04-09,192,50 a 54 anos,Feminino
2020-04-09,155,55 a 59 anos,Feminino
2020-04-09,159,55 a 59 anos,Masculino
2020-04-09,130,60 a 64 anos,Feminino
2020-04-09,138,60 a 64 anos,Masculino
2020-04-09,113,65 a 69 anos,Feminino
2020-04-09,120,65 a 69 anos,Masculino
2020-04-09,86,70 a 74 anos,Feminino
2020-04-09,105,70 a 74 anos,Masculino
2020-04-09,68,75 a 79 anos,Feminino
2020-04-09,64,75 a 79 anos,Masculino
2020-04-09,120,80 anos ou mais,Feminino
2020-04-09,86,80 anos ou mais,Masculino
2020-04-09,5,Indefinido,Feminino
2020-04-09,5,Indefinido,Masculino
2020-04-10,36,0 a 4 anos,Masculino
2020-04-10,41,0 a 4 anos,Feminino
2020-04-10,17,5 a 9 anos,Masculino
2020-04-10,12,5 a 9 anos,Feminino
2020-04-10,11,10 a 14 anos,Feminino
2020-04-10,12,10 a 14 anos,Masculino
2020-04-10,25,15 a 19 anos,Feminino
2020-04-10,22,15 a 19 anos,Masculino
2020-04-10,1,20 a 24 anos,Indefinido
2020-04-10,75,20 a 24 anos,Masculino
2020-04-10,111,20 a 24 anos,Feminino
2020-04-10,1,25 a 29 anos,Indefinido
2020-04-10,189,25 a 29 anos,Feminino
2020-04-10,146,25 a 29 anos,Masculino
2020-04-10,1,30 a 34 anos,Indefinido
2020-04-10,281,30 a 34 anos,Feminino
2020-04-10,221,30 a 34 anos,Masculino
2020-04-10,1,35 a 39 anos,Indefinido
2020-04-10,283,35 a 39 anos,Feminino
2020-04-10,251,35 a 39 anos,Masculino
2020-04-10,287,40 a 44 anos,Feminino
2020-04-10,200,40 a 44 anos,Masculino
2020-04-10,219,45 a 49 anos,Feminino
2020-04-10,217,45 a 49 anos,Masculino
2020-04-10,208,50 a 54 anos,Masculino
2020-04-10,211,50 a 54 anos,Feminino
2020-04-10,169,55 a 59 anos,Feminino
2020-04-10,180,55 a 59 anos,Masculino
2020-04-10,141,60 a 64 anos,Feminino
2020-04-10,148,60 a 64 anos,Masculino
2020-04-10,115,65 a 69 anos,Feminino
2020-04-10,130,65 a 69 anos,Masculino
2020-04-10,94,70 a 74 anos,Feminino
2020-04-10,118,70 a 74 anos,Masculino
2020-04-10,74,75 a 79 anos,Feminino
2020-04-10,70,75 a 79 anos,Masculino
2020-04-10,128,80 anos ou mais,Feminino
2020-04-10,95,80 anos ou mais,Masculino
2020-04-10,5,Indefinido,Feminino
2020-04-10,5,Indefinido,Masculino
2020-04-11,36,0 a 4 anos,Masculino
2020-04-11,43,0 a 4 anos,Feminino
2020-04-11,18,5 a 9 anos,Masculino
2020-04-11,12,5 a 9 anos,Feminino
2020-04-11,11,10 a 14 anos,Feminino
2020-04-11,13,10 a 14 anos,Masculino
2020-04-11,28,15 a 19 anos,Feminino
2020-04-11,23,15 a 19 anos,Masculino
2020-04-11,1,20 a 24 anos,Indefinido
2020-04-11,83,20 a 24 anos,Masculino
2020-04-11,117,20 a 24 anos,Feminino
2020-04-11,1,25 a 29 anos,Indefinido
2020-04-11,196,25 a 29 anos,Feminino
2020-04-11,151,25 a 29 anos,Masculino
2020-04-11,1,30 a 34 anos,Indefinido
2020-04-11,299,30 a 34 anos,Feminino
2020-04-11,240,30 a 34 anos,Masculino
2020-04-11,1,35 a 39 anos,Indefinido
2020-04-11,304,35 a 39 anos,Feminino
2020-04-11,267,35 a 39 anos,Masculino
2020-04-11,312,40 a 44 anos,Feminino
2020-04-11,215,40 a 44 anos,Masculino
2020-04-11,229,45 a 49 anos,Feminino
2020-04-11,229,45 a 49 anos,Masculino
2020-04-11,222,50 a 54 anos,Masculino
2020-04-11,229,50 a 54 anos,Feminino
2020-04-11,179,55 a 59 anos,Feminino
2020-04-11,193,55 a 59 anos,Masculino
2020-04-11,153,60 a 64 anos,Feminino
2020-04-11,165,60 a 64 anos,Masculino
2020-04-11,132,65 a 69 anos,Feminino
2020-04-11,148,65 a 69 anos,Masculino
2020-04-11,101,70 a 74 anos,Feminino
2020-04-11,122,70 a 74 anos,Masculino
2020-04-11,78,75 a 79 anos,Feminino
2020-04-11,73,75 a 79 anos,Masculino
2020-04-11,141,80 anos ou mais,Feminino
2020-04-11,106,80 anos ou mais,Masculino
2020-04-11,5,Indefinido,Feminino
2020-04-11,5,Indefinido,Masculino
2020-04-12,38,0 a 4 anos,Masculino
2020-04-12,45,0 a 4 anos,Feminino
2020-04-12,18,5 a 9 anos,Masculino
2020-04-12,12,5 a 9 anos,Feminino
2020-04-12,12,10 a 14 anos,Feminino
2020-04-12,13,10 a 14 anos,Masculino
2020-04-12,28,15 a 19 anos,Feminino
2020-04-12,26,15 a 19 anos,Masculino
2020-04-12,1,20 a 24 anos,Indefinido
2020-04-12,90,20 a 24 anos,Masculino
2020-04-12,130,20 a 24 anos,Feminino
2020-04-12,1,25 a 29 anos,Indefinido
2020-04-12,213,25 a 29 anos,Feminino
2020-04-12,158,25 a 29 anos,Masculino
2020-04-12,1,30 a 34 anos,Indefinido
2020-04-12,320,30 a 34 anos,Feminino
2020-04-12,254,30 a 34 anos,Masculino
2020-04-12,1,35 a 39 anos,Indefinido
2020-04-12,323,35 a 39 anos,Feminino
2020-04-12,282,35 a 39 anos,Masculino
2020-04-12,324,40 a 44 anos,Feminino
2020-04-12,227,40 a 44 anos,Masculino
2020-04-12,246,45 a 49 anos,Feminino
2020-04-12,241,45 a 49 anos,Masculino
2020-04-12,236,50 a 54 anos,Masculino
2020-04-12,241,50 a 54 anos,Feminino
2020-04-12,192,55 a 59 anos,Feminino
2020-04-12,218,55 a 59 anos,Masculino
2020-04-12,166,60 a 64 anos,Feminino
2020-04-12,187,60 a 64 anos,Masculino
2020-04-12,143,65 a 69 anos,Feminino
2020-04-12,159,65 a 69 anos,Masculino
2020-04-12,108,70 a 74 anos,Feminino
2020-04-12,132,70 a 74 anos,Masculino
2020-04-12,82,75 a 79 anos,Feminino
2020-04-12,76,75 a 79 anos,Masculino
2020-04-12,150,80 anos ou mais,Feminino
2020-04-12,115,80 anos ou mais,Masculino
2020-04-12,5,Indefinido,Feminino
2020-04-12,6,Indefinido,Masculino
2020-04-13,40,0 a 4 anos,Masculino
2020-04-13,48,0 a 4 anos,Feminino
2020-04-13,19,5 a 9 anos,Masculino
2020-04-13,12,5 a 9 anos,Feminino
2020-04-13,12,10 a 14 anos,Feminino
2020-04-13,14,10 a 14 anos,Masculino
2020-04-13,29,15 a 19 anos,Feminino
2020-04-13,29,15 a 19 anos,Masculino
2020-04-13,1,20 a 24 anos,Indefinido
2020-04-13,96,20 a 24 anos,Masculino
2020-04-13,139,20 a 24 anos,Feminino
2020-04-13,1,25 a 29 anos,Indefinido
2020-04-13,229,25 a 29 anos,Feminino
2020-04-13,175,25 a 29 anos,Masculino
2020-04-13,1,30 a 34 anos,Indefinido
2020-04-13,343,30 a 34 anos,Feminino
2020-04-13,269,30 a 34 anos,Masculino
2020-04-13,1,35 a 39 anos,Indefinido
2020-04-13,352,35 a 39 anos,Feminino
2020-04-13,295,35 a 39 anos,Masculino
2020-04-13,346,40 a 44 anos,Feminino
2020-04-13,251,40 a 44 anos,Masculino
2020-04-13,278,45 a 49 anos,Feminino
2020-04-13,260,45 a 49 anos,Masculino
2020-04-13,252,50 a 54 anos,Masculino
2020-04-13,261,50 a 54 anos,Feminino
2020-04-13,205,55 a 59 anos,Feminino
2020-04-13,234,55 a 59 anos,Masculino
2020-04-13,182,60 a 64 anos,Feminino
2020-04-13,207,60 a 64 anos,Masculino
2020-04-13,158,65 a 69 anos,Feminino
2020-04-13,167,65 a 69 anos,Masculino
2020-04-13,117,70 a 74 anos,Feminino
2020-04-13,142,70 a 74 anos,Masculino
2020-04-13,88,75 a 79 anos,Feminino
2020-04-13,84,75 a 79 anos,Masculino
2020-04-13,168,80 anos ou mais,Feminino
2020-04-13,125,80 anos ou mais,Masculino
2020-04-13,5,Indefinido,Feminino
2020-04-13,6,Indefinido,Masculino
2020-04-14,53,0 a 4 anos,Feminino
2020-04-14,43,0 a 4 anos,Masculino
2020-04-14,1,0 a 4 anos,Indefinido
2020-04-14,19,5 a 9 anos,Masculino
2020-04-14,12,5 a 9 anos,Feminino
2020-04-14,13,10 a 14 anos,Feminino
2020-04-14,14,10 a 14 anos,Masculino
2020-04-14,33,15 a 19 anos,Feminino
2020-04-14,33,15 a 19 anos,Masculino
2020-04-14,1,20 a 24 anos,Indefinido
2020-04-14,108,20 a 24 anos,Masculino
2020-04-14,145,20 a 24 anos,Feminino
2020-04-14,1,25 a 29 anos,Indefinido
2020-04-14,246,25 a 29 anos,Feminino
2020-04-14,185,25 a 29 anos,Masculino
2020-04-14,1,30 a 34 anos,Indefinido
2020-04-14,368,30 a 34 anos,Feminino
2020-04-14,295,30 a 34 anos,Masculino
2020-04-14,379,35 a 39 anos,Feminino
2020-04-14,312,35 a 39 anos,Masculino
2020-04-14,1,35 a 39 anos,Indefinido
2020-04-14,270,40 a 44 anos,Masculino
2020-04-14,370,40 a 44 anos,Feminino
2020-04-14,304,45 a 49 anos,Feminino
2020-04-14,282,45 a 49 anos,Masculino
2020-04-14,267,50 a 54 anos,Masculino
2020-04-14,284,50 a 54 anos,Feminino
2020-04-14,249,55 a 59 anos,Masculino
2020-04-14,216,55 a 59 anos,Feminino
2020-04-14,192,60 a 64 anos,Feminino
2020-04-14,221,60 a 64 anos,Masculino
2020-04-14,173,65 a 69 anos,Masculino
2020-04-14,163,65 a 69 anos,Feminino
2020-04-14,122,70 a 74 anos,Feminino
2020-04-14,159,70 a 74 anos,Masculino
2020-04-14,95,75 a 79 anos,Feminino
2020-04-14,91,75 a 79 anos,Masculino
2020-04-14,178,80 anos ou mais,Feminino
2020-04-14,135,80 anos ou mais,Masculino
2020-04-14,5,Indefinido,Feminino
2020-04-14,6,Indefinido,Masculino
2020-04-15,57,0 a 4 anos,Feminino
2020-04-15,45,0 a 4 anos,Masculino
2020-04-15,1,0 a 4 anos,Indefinido
2020-04-15,20,5 a 9 anos,Masculino
2020-04-15,12,5 a 9 anos,Feminino
2020-04-15,14,10 a 14 anos,Feminino
2020-04-15,14,10 a 14 anos,Masculino
2020-04-15,39,15 a 19 anos,Feminino
2020-04-15,34,15 a 19 anos,Masculino
2020-04-15,1,20 a 24 anos,Indefinido
2020-04-15,116,20 a 24 anos,Masculino
2020-04-15,158,20 a 24 anos,Feminino
2020-04-15,1,25 a 29 anos,Indefinido
2020-04-15,261,25 a 29 anos,Feminino
2020-04-15,198,25 a 29 anos,Masculino
2020-04-15,1,30 a 34 anos,Indefinido
2020-04-15,394,30 a 34 anos,Feminino
2020-04-15,317,30 a 34 anos,Masculino
2020-04-15,404,35 a 39 anos,Feminino
2020-04-15,328,35 a 39 anos,Masculino
2020-04-15,1,35 a 39 anos,Indefinido
2020-04-15,285,40 a 44 anos,Masculino
2020-04-15,391,40 a 44 anos,Feminino
2020-04-15,315,45 a 49 anos,Feminino
2020-04-15,301,45 a 49 anos,Masculino
2020-04-15,288,50 a 54 anos,Masculino
2020-04-15,302,50 a 54 anos,Feminino
2020-04-15,274,55 a 59 anos,Masculino
2020-04-15,221,55 a 59 anos,Feminino
2020-04-15,203,60 a 64 anos,Feminino
2020-04-15,238,60 a 64 anos,Masculino
2020-04-15,184,65 a 69 anos,Masculino
2020-04-15,174,65 a 69 anos,Feminino
2020-04-15,133,70 a 74 anos,Feminino
2020-04-15,167,70 a 74 anos,Masculino
2020-04-15,106,75 a 79 anos,Feminino
2020-04-15,101,75 a 79 anos,Masculino
2020-04-15,193,80 anos ou mais,Feminino
2020-04-15,152,80 anos ou mais,Masculino
2020-04-15,5,Indefinido,Feminino
2020-04-15,6,Indefinido,Masculino
2020-04-16,59,0 a 4 anos,Feminino
2020-04-16,46,0 a 4 anos,Masculino
2020-04-16,1,0 a 4 anos,Indefinido
2020-04-16,21,5 a 9 anos,Masculino
2020-04-16,13,5 a 9 anos,Feminino
2020-04-16,16,10 a 14 anos,Feminino
2020-04-16,16,10 a 14 anos,Masculino
2020-04-16,42,15 a 19 anos,Feminino
2020-04-16,35,15 a 19 anos,Masculino
2020-04-16,1,20 a 24 anos,Indefinido
2020-04-16,120,20 a 24 anos,Masculino
2020-04-16,180,20 a 24 anos,Feminino
2020-04-16,1,25 a 29 anos,Indefinido
2020-04-16,279,25 a 29 anos,Feminino
2020-04-16,214,25 a 29 anos,Masculino
2020-04-16,1,30 a 34 anos,Indefinido
2020-04-16,411,30 a 34 anos,Feminino
2020-04-16,332,30 a 34 anos,Masculino
2020-04-16,428,35 a 39 anos,Feminino
2020-04-16,346,35 a 39 anos,Masculino
2020-04-16,1,35 a 39 anos,Indefinido
2020-04-16,292,40 a 44 anos,Masculino
2020-04-16,407,40 a 44 anos,Feminino
2020-04-16,341,45 a 49 anos,Feminino
2020-04-16,314,45 a 49 anos,Masculino
2020-04-16,307,50 a 54 anos,Masculino
2020-04-16,318,50 a 54 anos,Feminino
2020-04-16,286,55 a 59 anos,Masculino
2020-04-16,232,55 a 59 anos,Feminino
2020-04-16,219,60 a 64 anos,Feminino
2020-04-16,255,60 a 64 anos,Masculino
2020-04-16,193,65 a 69 anos,Masculino
2020-04-16,185,65 a 69 anos,Feminino
2020-04-16,141,70 a 74 anos,Feminino
2020-04-16,177,70 a 74 anos,Masculino
2020-04-16,116,75 a 79 anos,Feminino
2020-04-16,109,75 a 79 anos,Masculino
2020-04-16,210,80 anos ou mais,Feminino
2020-04-16,166,80 anos ou mais,Masculino
2020-04-16,5,Indefinido,Feminino
2020-04-16,6,Indefinido,Masculino
2020-04-17,63,0 a 4 anos,Feminino
2020-04-17,49,0 a 4 anos,Masculino
2020-04-17,1,0 a 4 anos,Indefinido
2020-04-17,21,5 a 9 anos,Masculino
2020-04-17,14,5 a 9 anos,Feminino
2020-04-17,17,10 a 14 anos,Feminino
2020-04-17,19,10 a 14 anos,Masculino
2020-04-17,44,15 a 19 anos,Feminino
2020-04-17,39,15 a 19 anos,Masculino
2020-04-17,1,20 a 24 anos,Indefinido
2020-04-17,126,20 a 24 anos,Masculino
2020-04-17,195,20 a 24 anos,Feminino
2020-04-17,1,25 a 29 anos,Indefinido
2020-04-17,299,25 a 29 anos,Feminino
2020-04-17,232,25 a 29 anos,Masculino
2020-04-17,1,30 a 34 anos,Indefinido
2020-04-17,443,30 a 34 anos,Feminino
2020-04-17,349,30 a 34 anos,Masculino
2020-04-17,457,35 a 39 anos,Feminino
2020-04-17,369,35 a 39 anos,Masculino
2020-04-17,1,35 a 39 anos,Indefinido
2020-04-17,311,40 a 44 anos,Masculino
2020-04-17,425,40 a 44 anos,Feminino
2020-04-17,358,45 a 49 anos,Feminino
2020-04-17,336,45 a 49 anos,Masculino
2020-04-17,327,50 a 54 anos,Masculino
2020-04-17,329,50 a 54 anos,Feminino
2020-04-17,301,55 a 59 anos,Masculino
2020-04-17,247,55 a 59 anos,Feminino
2020-04-17,234,60 a 64 anos,Feminino
2020-04-17,266,60 a 64 anos,Masculino
2020-04-17,204,65 a 69 anos,Masculino
2020-04-17,197,65 a 69 anos,Feminino
2020-04-17,150,70 a 74 anos,Feminino
2020-04-17,191,70 a 74 anos,Masculino
2020-04-17,124,75 a 79 anos,Feminino
2020-04-17,117,75 a 79 anos,Masculino
2020-04-17,218,80 anos ou mais,Feminino
2020-04-17,173,80 anos ou mais,Masculino
2020-04-17,5,Indefinido,Feminino
2020-04-17,6,Indefinido,Masculino
2020-04-18,63,0 a 4 anos,Feminino
2020-04-18,53,0 a 4 anos,Masculino
2020-04-18,1,0 a 4 anos,Indefinido
2020-04-18,23,5 a 9 anos,Masculino
2020-04-18,14,5 a 9 anos,Feminino
2020-04-18,18,10 a 14 anos,Feminino
2020-04-18,19,10 a 14 anos,Masculino
2020-04-18,46,15 a 19 anos,Feminino
2020-04-18,39,15 a 19 anos,Masculino
2020-04-18,1,20 a 24 anos,Indefinido
2020-04-18,133,20 a 24 anos,Masculino
2020-04-18,206,20 a 24 anos,Feminino
2020-04-18,1,25 a 29 anos,Indefinido
2020-04-18,309,25 a 29 anos,Feminino
2020-04-18,245,25 a 29 anos,Masculino
2020-04-18,1,30 a 34 anos,Indefinido
2020-04-18,465,30 a 34 anos,Feminino
2020-04-18,361,30 a 34 anos,Masculino
2020-04-18,482,35 a 39 anos,Feminino
2020-04-18,390,35 a 39 anos,Masculino
2020-04-18,1,35 a 39 anos,Indefinido
2020-04-18,331,40 a 44 anos,Masculino
2020-04-18,454,40 a 44 anos,Feminino
2020-04-18,374,45 a 49 anos,Feminino
2020-04-18,357,45 a 49 anos,Masculino
2020-04-18,352,50 a 54 anos,Masculino
2020-04-18,347,50 a 54 anos,Feminino
2020-04-18,319,55 a 59 anos,Masculino
2020-04-18,261,55 a 59 anos,Feminino
2020-04-18,242,60 a 64 anos,Feminino
2020-04-18,273,60 a 64 anos,Masculino
2020-04-18,218,65 a 69 anos,Masculino
2020-04-18,207,65 a 69 anos,Feminino
2020-04-18,159,70 a 74 anos,Feminino
2020-04-18,199,70 a 74 anos,Masculino
2020-04-18,132,75 a 79 anos,Feminino
2020-04-18,121,75 a 79 anos,Masculino
2020-04-18,228,80 anos ou mais,Feminino
2020-04-18,189,80 anos ou mais,Masculino
2020-04-18,5,Indefinido,Feminino
2020-04-18,6,Indefinido,Masculino
2020-04-19,66,0 a 4 anos,Feminino
2020-04-19,55,0 a 4 anos,Masculino
2020-04-19,1,0 a 4 anos,Indefinido
2020-04-19,23,5 a 9 anos,Masculino
2020-04-19,16,5 a 9 anos,Feminino
2020-04-19,20,10 a 14 anos,Feminino
2020-04-19,20,10 a 14 anos,Masculino
2020-04-19,50,15 a 19 anos,Feminino
2020-04-19,41,15 a 19 anos,Masculino
2020-04-19,1,20 a 24 anos,Indefinido
2020-04-19,144,20 a 24 anos,Masculino
2020-04-19,217,20 a 24 anos,Feminino
2020-04-19,1,25 a 29 anos,Indefinido
2020-04-19,327,25 a 29 anos,Feminino
2020-04-19,260,25 a 29 anos,Masculino
2020-04-19,1,30 a 34 anos,Indefinido
2020-04-19,490,30 a 34 anos,Feminino
2020-04-19,376,30 a 34 anos,Masculino
2020-04-19,494,35 a 39 anos,Feminino
2020-04-19,408,35 a 39 anos,Masculino
2020-04-19,1,35 a 39 anos,Indefinido
2020-04-19,347,40 a 44 anos,Masculino
2020-04-19,476,40 a 44 anos,Feminino
2020-04-19,389,45 a 49 anos,Feminino
2020-04-19,369,45 a 49 anos,Masculino
2020-04-19,381,50 a 54 anos,Masculino
2020-04-19,365,50 a 54 anos,Feminino
2020-04-19,343,55 a 59 anos,Masculino
2020-04-19,274,55 a 59 anos,Feminino
2020-04-19,251,60 a 64 anos,Feminino
2020-04-19,285,60 a 64 anos,Masculino
2020-04-19,230,65 a 69 anos,Masculino
2020-04-19,217,65 a 69 anos,Feminino
2020-04-19,170,70 a 74 anos,Feminino
2020-04-19,213,70 a 74 anos,Masculino
2020-04-19,137,75 a 79 anos,Feminino
2020-04-19,129,75 a 79 anos,Masculino
2020-04-19,238,80 anos ou mais,Feminino
2020-04-19,199,80 anos ou mais,Masculino
2020-04-19,5,Indefinido,Feminino
2020-04-19,6,Indefinido,Masculino
2020-04-20,70,0 a 4 anos,Feminino
2020-04-20,60,0 a 4 anos,Masculino
2020-04-20,1,0 a 4 anos,Indefinido
2020-04-20,23,5 a 9 anos,Masculino
2020-04-20,19,5 a 9 anos,Feminino
2020-04-20,21,10 a 14 anos,Feminino
2020-04-20,21,10 a 14 anos,Masculino
2020-04-20,53,15 a 19 anos,Feminino
2020-04-20,48,15 a 19 anos,Masculino
2020-04-20,1,20 a 24 anos,Indefinido
2020-04-20,149,20 a 24 anos,Masculino
2020-04-20,233,20 a 24 anos,Feminino
2020-04-20,1,25 a 29 anos,Indefinido
2020-04-20,355,25 a 29 anos,Feminino
2020-04-20,275,25 a 29 anos,Masculino
2020-04-20,1,30 a 34 anos,Indefinido
2020-04-20,510,30 a 34 anos,Feminino
2020-04-20,402,30 a 34 anos,Masculino
2020-04-20,531,35 a 39 anos,Feminino
2020-04-20,437,35 a 39 anos,Masculino
2020-04-20,1,35 a 39 anos,Indefinido
2020-04-20,364,40 a 44 anos,Masculino
2020-04-20,511,40 a 44 anos,Feminino
2020-04-20,415,45 a 49 anos,Feminino
2020-04-20,393,45 a 49 anos,Masculino
2020-04-20,403,50 a 54 anos,Masculino
2020-04-20,391,50 a 54 anos,Feminino
2020-04-20,363,55 a 59 anos,Masculino
2020-04-20,299,55 a 59 anos,Feminino
2020-04-20,268,60 a 64 anos,Feminino
2020-04-20,312,60 a 64 anos,Masculino
2020-04-20,243,65 a 69 anos,Masculino
2020-04-20,228,65 a 69 anos,Feminino
2020-04-20,186,70 a 74 anos,Feminino
2020-04-20,221,70 a 74 anos,Masculino
2020-04-20,146,75 a 79 anos,Feminino
2020-04-20,141,75 a 79 anos,Masculino
2020-04-20,255,80 anos ou mais,Feminino
2020-04-20,224,80 anos ou mais,Masculino
2020-04-20,5,Indefinido,Feminino
2020-04-20,6,Indefinido,Masculino
2020-04-21,72,0 a 4 anos,Feminino
2020-04-21,61,0 a 4 anos,Masculino
2020-04-21,1,0 a 4 anos,Indefinido
2020-04-21,24,5 a 9 anos,Masculino
2020-04-21,19,5 a 9 anos,Feminino
2020-04-21,21,10 a 14 anos,Feminino
2020-04-21,22,10 a 14 anos,Masculino
2020-04-21,58,15 a 19 anos,Feminino
2020-04-21,52,15 a 19 anos,Masculino
2020-04-21,1,20 a 24 anos,Indefinido
2020-04-21,156,20 a 24 anos,Masculino
2020-04-21,241,20 a 24 anos,Feminino
2020-04-21,1,25 a 29 anos,Indefinido
2020-04-21,375,25 a 29 anos,Feminino
2020-04-21,285,25 a 29 anos,Masculino
2020-04-21,1,30 a 34 anos,Indefinido
2020-04-21,525,30 a 34 anos,Feminino
2020-04-21,421,30 a 34 anos,Masculino
2020-04-21,554,35 a 39 anos,Feminino
2020-04-21,447,35 a 39 anos,Masculino
2020-04-21,1,35 a 39 anos,Indefinido
2020-04-21,381,40 a 44 anos,Masculino
2020-04-21,526,40 a 44 anos,Feminino
2020-04-21,432,45 a 49 anos,Feminino
2020-04-21,402,45 a 49 anos,Masculino
2020-04-21,417,50 a 54 anos,Masculino
2020-04-21,407,50 a 54 anos,Feminino
2020-04-21,374,55 a 59 anos,Masculino
2020-04-21,310,55 a 59 anos,Feminino
2020-04-21,282,60 a 64 anos,Feminino
2020-04-21,323,60 a 64 anos,Masculino
2020-04-21,253,65 a 69 anos,Masculino
2020-04-21,235,65 a 69 anos,Feminino
2020-04-21,194,70 a 74 anos,Feminino
2020-04-21,231,70 a 74 anos,Masculino
2020-04-21,153,75 a 79 anos,Feminino
2020-04-21,152,75 a 79 anos,Masculino
2020-04-21,268,80 anos ou mais,Feminino
2020-04-21,239,80 anos ou mais,Masculino
2020-04-21,5,Indefinido,Feminino
2020-04-21,6,Indefinido,Masculino
2020-04-22,75,0 a 4 anos,Feminino
2020-04-22,64,0 a 4 anos,Masculino
2020-04-22,1,0 a 4 anos,Indefinido
2020-04-22,24,5 a 9 anos,Masculino
2020-04-22,19,5 a 9 anos,Feminino
2020-04-22,22,10 a 14 anos,Feminino
2020-04-22,25,10 a 14 anos,Masculino
2020-04-22,63,15 a 19 anos,Feminino
2020-04-22,55,15 a 19 anos,Masculino
2020-04-22,1,20 a 24 anos,Indefinido
2020-04-22,165,20 a 24 anos,Masculino
2020-04-22,257,20 a 24 anos,Feminino
2020-04-22,1,25 a 29 anos,Indefinido
2020-04-22,395,25 a 29 anos,Feminino
2020-04-22,301,25 a 29 anos,Masculino
2020-04-22,1,30 a 34 anos,Indefinido
2020-04-22,543,30 a 34 anos,Feminino
2020-04-22,428,30 a 34 anos,Masculino
2020-04-22,575,35 a 39 anos,Feminino
2020-04-22,461,35 a 39 anos,Masculino
2020-04-22,1,35 a 39 anos,Indefinido
2020-04-22,404,40 a 44 anos,Masculino
2020-04-22,548,40 a 44 anos,Feminino
2020-04-22,449,45 a 49 anos,Feminino
2020-04-22,419,45 a 49 anos,Masculino
2020-04-22,428,50 a 54 anos,Masculino
2020-04-22,418,50 a 54 anos,Feminino
2020-04-22,382,55 a 59 anos,Masculino
2020-04-22,325,55 a 59 anos,Feminino
2020-04-22,299,60 a 64 anos,Feminino
2020-04-22,335,60 a 64 anos,Masculino
2020-04-22,262,65 a 69 anos,Masculino
2020-04-22,248,65 a 69 anos,Feminino
2020-04-22,202,70 a 74 anos,Feminino
2020-04-22,245,70 a 74 anos,Masculino
2020-04-22,159,75 a 79 anos,Feminino
2020-04-22,155,75 a 79 anos,Masculino
2020-04-22,284,80 anos ou mais,Feminino
2020-04-22,255,80 anos ou mais,Masculino
2020-04-22,5,Indefinido,Feminino
2020-04-22,6,Indefinido,Masculino
2020-04-23,78,0 a 4 anos,Feminino
2020-04-23,67,0 a 4 anos,Masculino
2020-04-23,1,0 a 4 anos,Indefinido
2020-04-23,25,5 a 9 anos,Masculino
2020-04-23,19,5 a 9 anos,Feminino
2020-04-23,23,10 a 14 anos,Feminino
2020-04-23,25,10 a 14 anos,Masculino
2020-04-23,64,15 a 19 anos,Feminino
2020-04-23,56,15 a 19 anos,Masculino
2020-04-23,1,20 a 24 anos,Indefinido
2020-04-23,171,20 a 24 anos,Masculino
2020-04-23,264,20 a 24 anos,Feminino
2020-04-23,1,25 a 29 anos,Indefinido
2020-04-23,412,25 a 29 anos,Feminino
2020-04-23,310,25 a 29 anos,Masculino
2020-04-23,1,30 a 34 anos,Indefinido
2020-04-23,558,30 a 34 anos,Feminino
2020-04-23,433,30 a 34 anos,Masculino
2020-04-23,603,35 a 39 anos,Feminino
2020-04-23,476,35 a 39 anos,Masculino
2020-04-23,1,35 a 39 anos,Indefinido
2020-04-23,421,40 a 44 anos,Masculino
2020-04-23,559,40 a 44 anos,Feminino
2020-04-23,469,45 a 49 anos,Feminino
2020-04-23,433,45 a 49 anos,Masculino
2020-04-23,444,50 a 54 anos,Masculino
2020-04-23,427,50 a 54 anos,Feminino
2020-04-23,392,55 a 59 anos,Masculino
2020-04-23,341,55 a 59 anos,Feminino
2020-04-23,309,60 a 64 anos,Feminino
2020-04-23,348,60 a 64 anos,Masculino
2020-04-23,272,65 a 69 anos,Masculino
2020-04-23,253,65 a 69 anos,Feminino
2020-04-23,211,70 a 74 anos,Feminino
2020-04-23,258,70 a 74 anos,Masculino
2020-04-23,163,75 a 79 anos,Feminino
2020-04-23,164,75 a 79 anos,Masculino
2020-04-23,299,80 anos ou mais,Feminino
2020-04-23,264,80 anos ou mais,Masculino
2020-04-23,6,Indefinido,Feminino
2020-04-23,6,Indefinido,Masculino
2020-04-24,80,0 a 4 anos,Feminino
2020-04-24,72,0 a 4 anos,Masculino
2020-04-24,1,0 a 4 anos,Indefinido
2020-04-24,25,5 a 9 anos,Masculino
2020-04-24,20,5 a 9 anos,Feminino
2020-04-24,24,10 a 14 anos,Feminino
2020-04-24,25,10 a 14 anos,Masculino
2020-04-24,67,15 a 19 anos,Feminino
2020-04-24,58,15 a 19 anos,Masculino
2020-04-24,1,20 a 24 anos,Indefinido
2020-04-24,172,20 a 24 anos,Masculino
2020-04-24,272,20 a 24 anos,Feminino
2020-04-24,1,25 a 29 anos,Indefinido
2020-04-24,425,25 a 29 anos,Feminino
2020-04-24,319,25 a 29 anos,Masculino
2020-04-24,1,30 a 34 anos,Indefinido
2020-04-24,574,30 a 34 anos,Feminino
2020-04-24,447,30 a 34 anos,Masculino
2020-04-24,621,35 a 39 anos,Feminino
2020-04-24,499,35 a 39 anos,Masculino
2020-04-24,1,35 a 39 anos,Indefinido
2020-04-24,437,40 a 44 anos,Masculino
2020-04-24,577,40 a 44 anos,Feminino
2020-04-24,482,45 a 49 anos,Feminino
2020-04-24,449,45 a 49 anos,Masculino
2020-04-24,457,50 a 54 anos,Masculino
2020-04-24,444,50 a 54 anos,Feminino
2020-04-24,402,55 a 59 anos,Masculino
2020-04-24,349,55 a 59 anos,Feminino
2020-04-24,316,60 a 64 anos,Feminino
2020-04-24,358,60 a 64 anos,Masculino
2020-04-24,278,65 a 69 anos,Masculino
2020-04-24,264,65 a 69 anos,Feminino
2020-04-24,224,70 a 74 anos,Feminino
2020-04-24,262,70 a 74 anos,Masculino
2020-04-24,166,75 a 79 anos,Feminino
2020-04-24,172,75 a 79 anos,Masculino
2020-04-24,310,80 anos ou mais,Feminino
2020-04-24,279,80 anos ou mais,Masculino
2020-04-24,6,Indefinido,Feminino
2020-04-24,6,Indefinido,Masculino
2020-04-25,82,0 a 4 anos,Feminino
2020-04-25,74,0 a 4 anos,Masculino
2020-04-25,1,0 a 4 anos,Indefinido
2020-04-25,25,5 a 9 anos,Masculino
2020-04-25,20,5 a 9 anos,Feminino
2020-04-25,24,10 a 14 anos,Feminino
2020-04-25,27,10 a 14 anos,Masculino
2020-04-25,68,15 a 19 anos,Feminino
2020-04-25,58,15 a 19 anos,Masculino
2020-04-25,1,20 a 24 anos,Indefinido
2020-04-25,181,20 a 24 anos,Masculino
2020-04-25,277,20 a 24 anos,Feminino
2020-04-25,1,25 a 29 anos,Indefinido
2020-04-25,436,25 a 29 anos,Feminino
2020-04-25,331,25 a 29 anos,Masculino
2020-04-25,1,30 a 34 anos,Indefinido
2020-04-25,588,30 a 34 anos,Feminino
2020-04-25,462,30 a 34 anos,Masculino
2020-04-25,635,35 a 39 anos,Feminino
2020-04-25,509,35 a 39 anos,Masculino
2020-04-25,1,35 a 39 anos,Indefinido
2020-04-25,448,40 a 44 anos,Masculino
2020-04-25,590,40 a 44 anos,Feminino
2020-04-25,494,45 a 49 anos,Feminino
2020-04-25,455,45 a 49 anos,Masculino
2020-04-25,468,50 a 54 anos,Masculino
2020-04-25,450,50 a 54 anos,Feminino
2020-04-25,411,55 a 59 anos,Masculino
2020-04-25,358,55 a 59 anos,Feminino
2020-04-25,319,60 a 64 anos,Feminino
2020-04-25,367,60 a 64 anos,Masculino
2020-04-25,286,65 a 69 anos,Masculino
2020-04-25,274,65 a 69 anos,Feminino
2020-04-25,230,70 a 74 anos,Feminino
2020-04-25,268,70 a 74 anos,Masculino
2020-04-25,174,75 a 79 anos,Feminino
2020-04-25,177,75 a 79 anos,Masculino
2020-04-25,318,80 anos ou mais,Feminino
2020-04-25,291,80 anos ou mais,Masculino
2020-04-25,6,Indefinido,Feminino
2020-04-25,6,Indefinido,Masculino
2020-04-26,82,0 a 4 anos,Feminino
2020-04-26,77,0 a 4 anos,Masculino
2020-04-26,1,0 a 4 anos,Indefinido
2020-04-26,27,5 a 9 anos,Masculino
2020-04-26,21,5 a 9 anos,Feminino
2020-04-26,24,10 a 14 anos,Feminino
2020-04-26,27,10 a 14 anos,Masculino
2020-04-26,69,15 a 19 anos,Feminino
2020-04-26,58,15 a 19 anos,Masculino
2020-04-26,1,20 a 24 anos,Indefinido
2020-04-26,186,20 a 24 anos,Masculino
2020-04-26,281,20 a 24 anos,Feminino
2020-04-26,1,25 a 29 anos,Indefinido
2020-04-26,442,25 a 29 anos,Feminino
2020-04-26,337,25 a 29 anos,Masculino
2020-04-26,1,30 a 34 anos,Indefinido
2020-04-26,604,30 a 34 anos,Feminino
2020-04-26,469,30 a 34 anos,Masculino
2020-04-26,647,35 a 39 anos,Feminino
2020-04-26,520,35 a 39 anos,Masculino
2020-04-26,1,35 a 39 anos,Indefinido
2020-04-26,456,40 a 44 anos,Masculino
2020-04-26,600,40 a 44 anos,Feminino
2020-04-26,501,45 a 49 anos,Feminino
2020-04-26,463,45 a 49 anos,Masculino
2020-04-26,473,50 a 54 anos,Masculino
2020-04-26,458,50 a 54 anos,Feminino
2020-04-26,418,55 a 59 anos,Masculino
2020-04-26,363,55 a 59 anos,Feminino
2020-04-26,321,60 a 64 anos,Feminino
2020-04-26,373,60 a 64 anos,Masculino
2020-04-26,292,65 a 69 anos,Masculino
2020-04-26,278,65 a 69 anos,Feminino
2020-04-26,234,70 a 74 anos,Feminino
2020-04-26,273,70 a 74 anos,Masculino
2020-04-26,180,75 a 79 anos,Feminino
2020-04-26,178,75 a 79 anos,Masculino
2020-04-26,323,80 anos ou mais,Feminino
2020-04-26,295,80 anos ou mais,Masculino
2020-04-26,6,Indefinido,Feminino
2020-04-26,6,Indefinido,Masculino
2020-04-27,82,0 a 4 anos,Feminino
2020-04-27,82,0 a 4 anos,Masculino
2020-04-27,1,0 a 4 anos,Indefinido
2020-04-27,27,5 a 9 anos,Masculino
2020-04-27,21,5 a 9 anos,Feminino
2020-04-27,24,10 a 14 anos,Feminino
2020-04-27,27,10 a 14 anos,Masculino
2020-04-27,70,15 a 19 anos,Feminino
2020-04-27,60,15 a 19 anos,Masculino
2020-04-27,1,20 a 24 anos,Indefinido
2020-04-27,188,20 a 24 anos,Masculino
2020-04-27,288,20 a 24 anos,Feminino
2020-04-27,1,25 a 29 anos,Indefinido
2020-04-27,453,25 a 29 anos,Feminino
2020-04-27,345,25 a 29 anos,Masculino
2020-04-27,1,30 a 34 anos,Indefinido
2020-04-27,614,30 a 34 anos,Feminino
2020-04-27,475,30 a 34 anos,Masculino
2020-04-27,660,35 a 39 anos,Feminino
2020-04-27,528,35 a 39 anos,Masculino
2020-04-27,1,35 a 39 anos,Indefinido
2020-04-27,464,40 a 44 anos,Masculino
2020-04-27,611,40 a 44 anos,Feminino
2020-04-27,512,45 a 49 anos,Feminino
2020-04-27,466,45 a 49 anos,Masculino
2020-04-27,483,50 a 54 anos,Masculino
2020-04-27,461,50 a 54 anos,Feminino
2020-04-27,422,55 a 59 anos,Masculino
2020-04-27,367,55 a 59 anos,Feminino
2020-04-27,327,60 a 64 anos,Feminino
2020-04-27,379,60 a 64 anos,Masculino
2020-04-27,296,65 a 69 anos,Masculino
2020-04-27,281,65 a 69 anos,Feminino
2020-04-27,246,70 a 74 anos,Feminino
2020-04-27,276,70 a 74 anos,Masculino
2020-04-27,182,75 a 79 anos,Feminino
2020-04-27,184,75 a 79 anos,Masculino
2020-04-27,331,80 anos ou mais,Feminino
2020-04-27,301,80 anos ou mais,Masculino
2020-04-27,6,Indefinido,Feminino
2020-04-27,6,Indefinido,Masculino
2020-04-28,82,0 a 4 anos,Feminino
2020-04-28,82,0 a 4 anos,Masculino
2020-04-28,1,0 a 4 anos,Indefinido
2020-04-28,27,5 a 9 anos,Masculino
2020-04-28,23,5 a 9 anos,Feminino
2020-04-28,24,10 a 14 anos,Feminino
2020-04-28,28,10 a 14 anos,Masculino
2020-04-28,71,15 a 19 anos,Feminino
2020-04-28,61,15 a 19 anos,Masculino
2020-04-28,1,20 a 24 anos,Indefinido
2020-04-28,188,20 a 24 anos,Masculino
2020-04-28,290,20 a 24 anos,Feminino
2020-04-28,1,25 a 29 anos,Indefinido
2020-04-28,458,25 a 29 anos,Feminino
2020-04-28,346,25 a 29 anos,Masculino
2020-04-28,1,30 a 34 anos,Indefinido
2020-04-28,618,30 a 34 anos,Feminino
2020-04-28,480,30 a 34 anos,Masculino
2020-04-28,670,35 a 39 anos,Feminino
2020-04-28,531,35 a 39 anos,Masculino
2020-04-28,1,35 a 39 anos,Indefinido
2020-04-28,467,40 a 44 anos,Masculino
2020-04-28,614,40 a 44 anos,Feminino
2020-04-28,516,45 a 49 anos,Feminino
2020-04-28,471,45 a 49 anos,Masculino
2020-04-28,487,50 a 54 anos,Masculino
2020-04-28,466,50 a 54 anos,Feminino
2020-04-28,423,55 a 59 anos,Masculino
2020-04-28,369,55 a 59 anos,Feminino
2020-04-28,330,60 a 64 anos,Feminino
2020-04-28,379,60 a 64 anos,Masculino
2020-04-28,296,65 a 69 anos,Masculino
2020-04-28,282,65 a 69 anos,Feminino
2020-04-28,248,70 a 74 anos,Feminino
2020-04-28,277,70 a 74 anos,Masculino
2020-04-28,187,75 a 79 anos,Feminino
2020-04-28,187,75 a 79 anos,Masculino
2020-04-28,335,80 anos ou mais,Feminino
2020-04-28,305,80 anos ou mais,Masculino
2020-04-28,6,Indefinido,Feminino
2020-04-28,6,Indefinido,Masculino
2020-04-29,82,0 a 4 anos,Feminino
2020-04-29,85,0 a 4 anos,Masculino
2020-04-29,1,0 a 4 anos,Indefinido
2020-04-29,28,5 a 9 anos,Masculino
2020-04-29,24,5 a 9 anos,Feminino
2020-04-29,24,10 a 14 anos,Feminino
2020-04-29,28,10 a 14 anos,Masculino
2020-04-29,72,15 a 19 anos,Feminino
2020-04-29,62,15 a 19 anos,Masculino
2020-04-29,1,20 a 24 anos,Indefinido
2020-04-29,191,20 a 24 anos,Masculino
2020-04-29,295,20 a 24 anos,Feminino
2020-04-29,1,25 a 29 anos,Indefinido
2020-04-29,466,25 a 29 anos,Feminino
2020-04-29,350,25 a 29 anos,Masculino
2020-04-29,1,30 a 34 anos,Indefinido
2020-04-29,627,30 a 34 anos,Feminino
2020-04-29,482,30 a 34 anos,Masculino
2020-04-29,678,35 a 39 anos,Feminino
2020-04-29,538,35 a 39 anos,Masculino
2020-04-29,1,35 a 39 anos,Indefinido
2020-04-29,474,40 a 44 anos,Masculino
2020-04-29,618,40 a 44 anos,Feminino
2020-04-29,520,45 a 49 anos,Feminino
2020-04-29,478,45 a 49 anos,Masculino
2020-04-29,497,50 a 54 anos,Masculino
2020-04-29,469,50 a 54 anos,Feminino
2020-04-29,426,55 a 59 anos,Masculino
2020-04-29,371,55 a 59 anos,Feminino
2020-04-29,332,60 a 64 anos,Feminino
2020-04-29,386,60 a 64 anos,Masculino
2020-04-29,299,65 a 69 anos,Masculino
2020-04-29,283,65 a 69 anos,Feminino
2020-04-29,252,70 a 74 anos,Feminino
2020-04-29,279,70 a 74 anos,Masculino
2020-04-29,190,75 a 79 anos,Feminino
2020-04-29,188,75 a 79 anos,Masculino
2020-04-29,339,80 anos ou mais,Feminino
2020-04-29,311,80 anos ou mais,Masculino
2020-04-29,6,Indefinido,Feminino
2020-04-29,6,Indefinido,Masculino
2020-04-30,86,0 a 4 anos,Feminino
2020-04-30,86,0 a 4 anos,Masculino
2020-04-30,1,0 a 4 anos,Indefinido
2020-04-30,28,5 a 9 anos,Masculino
2020-04-30,24,5 a 9 anos,Feminino
2020-04-30,25,10 a 14 anos,Feminino
2020-04-30,30,10 a 14 anos,Masculino
2020-04-30,72,15 a 19 anos,Feminino
2020-04-30,63,15 a 19 anos,Masculino
2020-04-30,1,20 a 24 anos,Indefinido
2020-04-30,193,20 a 24 anos,Masculino
2020-04-30,296,20 a 24 anos,Feminino
2020-04-30,1,25 a 29 anos,Indefinido
2020-04-30,467,25 a 29 anos,Feminino
2020-04-30,353,25 a 29 anos,Masculino
2020-04-30,1,30 a 34 anos,Indefinido
2020-04-30,636,30 a 34 anos,Feminino
2020-04-30,488,30 a 34 anos,Masculino
2020-04-30,682,35 a 39 anos,Feminino
2020-04-30,542,35 a 39 anos,Masculino
2020-04-30,1,35 a 39 anos,Indefinido
2020-04-30,475,40 a 44 anos,Masculino
2020-04-30,625,40 a 44 anos,Feminino
2020-04-30,524,45 a 49 anos,Feminino
2020-04-30,482,45 a 49 anos,Masculino
2020-04-30,499,50 a 54 anos,Masculino
2020-04-30,472,50 a 54 anos,Feminino
2020-04-30,432,55 a 59 anos,Masculino
2020-04-30,374,55 a 59 anos,Feminino
2020-04-30,338,60 a 64 anos,Feminino
2020-04-30,390,60 a 64 anos,Masculino
2020-04-30,302,65 a 69 anos,Masculino
2020-04-30,288,65 a 69 anos,Feminino
2020-04-30,258,70 a 74 anos,Feminino
2020-04-30,285,70 a 74 anos,Masculino
2020-04-30,192,75 a 79 anos,Feminino
2020-04-30,194,75 a 79 anos,Masculino
2020-04-30,343,80 anos ou mais,Feminino
2020-04-30,315,80 anos ou mais,Masculino
2020-04-30,6,Indefinido,Feminino
2020-04-30,6,Indefinido,Masculino
2020-05-01,87,0 a 4 anos,Feminino
2020-05-01,86,0 a 4 anos,Masculino
2020-05-01,1,0 a 4 anos,Indefinido
2020-05-01,28,5 a 9 anos,Masculino
2020-05-01,24,5 a 9 anos,Feminino
2020-05-01,25,10 a 14 anos,Feminino
2020-05-01,30,10 a 14 anos,Masculino
2020-05-01,72,15 a 19 anos,Feminino
2020-05-01,63,15 a 19 anos,Masculino
2020-05-01,1,20 a 24 anos,Indefinido
2020-05-01,195,20 a 24 anos,Masculino
2020-05-01,298,20 a 24 anos,Feminino
2020-05-01,1,25 a 29 anos,Indefinido
2020-05-01,469,25 a 29 anos,Feminino
2020-05-01,359,25 a 29 anos,Masculino
2020-05-01,1,30 a 34 anos,Indefinido
2020-05-01,641,30 a 34 anos,Feminino
2020-05-01,493,30 a 34 anos,Masculino
2020-05-01,687,35 a 39 anos,Feminino
2020-05-01,545,35 a 39 anos,Masculino
2020-05-01,1,35 a 39 anos,Indefinido
2020-05-01,480,40 a 44 anos,Masculino
2020-05-01,633,40 a 44 anos,Feminino
2020-05-01,525,45 a 49 anos,Feminino
2020-05-01,484,45 a 49 anos,Masculino
2020-05-01,504,50 a 54 anos,Masculino
2020-05-01,477,50 a 54 anos,Feminino
2020-05-01,433,55 a 59 anos,Masculino
2020-05-01,375,55 a 59 anos,Feminino
2020-05-01,346,60 a 64 anos,Feminino
2020-05-01,390,60 a 64 anos,Masculino
2020-05-01,305,65 a 69 anos,Masculino
2020-05-01,289,65 a 69 anos,Feminino
2020-05-01,262,70 a 74 anos,Feminino
2020-05-01,286,70 a 74 anos,Masculino
2020-05-01,195,75 a 79 anos,Feminino
2020-05-01,196,75 a 79 anos,Masculino
2020-05-01,352,80 anos ou mais,Feminino
2020-05-01,325,80 anos ou mais,Masculino
2020-05-01,6,Indefinido,Feminino
2020-05-01,6,Indefinido,Masculino
2020-05-02,87,0 a 4 anos,Feminino
2020-05-02,86,0 a 4 anos,Masculino
2020-05-02,1,0 a 4 anos,Indefinido
2020-05-02,28,5 a 9 anos,Masculino
2020-05-02,24,5 a 9 anos,Feminino
2020-05-02,25,10 a 14 anos,Feminino
2020-05-02,30,10 a 14 anos,Masculino
2020-05-02,72,15 a 19 anos,Feminino
2020-05-02,63,15 a 19 anos,Masculino
2020-05-02,1,20 a 24 anos,Indefinido
2020-05-02,195,20 a 24 anos,Masculino
2020-05-02,299,20 a 24 anos,Feminino
2020-05-02,1,25 a 29 anos,Indefinido
2020-05-02,471,25 a 29 anos,Feminino
2020-05-02,359,25 a 29 anos,Masculino
2020-05-02,1,30 a 34 anos,Indefinido
2020-05-02,642,30 a 34 anos,Feminino
2020-05-02,495,30 a 34 anos,Masculino
2020-05-02,690,35 a 39 anos,Feminino
2020-05-02,545,35 a 39 anos,Masculino
2020-05-02,1,35 a 39 anos,Indefinido
2020-05-02,481,40 a 44 anos,Masculino
2020-05-02,635,40 a 44 anos,Feminino
2020-05-02,525,45 a 49 anos,Feminino
2020-05-02,486,45 a 49 anos,Masculino
2020-05-02,507,50 a 54 anos,Masculino
2020-05-02,478,50 a 54 anos,Feminino
2020-05-02,435,55 a 59 anos,Masculino
2020-05-02,375,55 a 59 anos,Feminino
2020-05-02,348,60 a 64 anos,Feminino
2020-05-02,393,60 a 64 anos,Masculino
2020-05-02,305,65 a 69 anos,Masculino
2020-05-02,291,65 a 69 anos,Feminino
2020-05-02,262,70 a 74 anos,Feminino
2020-05-02,288,70 a 74 anos,Masculino
2020-05-02,197,75 a 79 anos,Feminino
2020-05-02,199,75 a 79 anos,Masculino
2020-05-02,353,80 anos ou mais,Feminino
2020-05-02,329,80 anos ou mais,Masculino
2020-05-02,6,Indefinido,Feminino
2020-05-02,6,Indefinido,Masculino
2020-05-03,87,0 a 4 anos,Feminino
2020-05-03,86,0 a 4 anos,Masculino
2020-05-03,1,0 a 4 anos,Indefinido
2020-05-03,28,5 a 9 anos,Masculino
2020-05-03,24,5 a 9 anos,Feminino
2020-05-03,25,10 a 14 anos,Feminino
2020-05-03,30,10 a 14 anos,Masculino
2020-05-03,72,15 a 19 anos,Feminino
2020-05-03,63,15 a 19 anos,Masculino
2020-05-03,1,20 a 24 anos,Indefinido
2020-05-03,195,20 a 24 anos,Masculino
2020-05-03,300,20 a 24 anos,Feminino
2020-05-03,1,25 a 29 anos,Indefinido
2020-05-03,473,25 a 29 anos,Feminino
2020-05-03,359,25 a 29 anos,Masculino
2020-05-03,1,30 a 34 anos,Indefinido
2020-05-03,642,30 a 34 anos,Feminino
2020-05-03,496,30 a 34 anos,Masculino
2020-05-03,690,35 a 39 anos,Feminino
2020-05-03,547,35 a 39 anos,Masculino
2020-05-03,1,35 a 39 anos,Indefinido
2020-05-03,481,40 a 44 anos,Masculino
2020-05-03,635,40 a 44 anos,Feminino
2020-05-03,528,45 a 49 anos,Feminino
2020-05-03,486,45 a 49 anos,Masculino
2020-05-03,507,50 a 54 anos,Masculino
2020-05-03,478,50 a 54 anos,Feminino
2020-05-03,436,55 a 59 anos,Masculino
2020-05-03,377,55 a 59 anos,Feminino
2020-05-03,348,60 a 64 anos,Feminino
2020-05-03,393,60 a 64 anos,Masculino
2020-05-03,306,65 a 69 anos,Masculino
2020-05-03,293,65 a 69 anos,Feminino
2020-05-03,262,70 a 74 anos,Feminino
2020-05-03,288,70 a 74 anos,Masculino
2020-05-03,197,75 a 79 anos,Feminino
2020-05-03,199,75 a 79 anos,Masculino
2020-05-03,354,80 anos ou mais,Feminino
2020-05-03,329,80 anos ou mais,Masculino
2020-05-03,6,Indefinido,Feminino
2020-05-03,6,Indefinido,Masculino
2020-05-04,87,0 a 4 anos,Feminino
2020-05-04,86,0 a 4 anos,Masculino
2020-05-04,1,0 a 4 anos,Indefinido
2020-05-04,28,5 a 9 anos,Masculino
2020-05-04,24,5 a 9 anos,Feminino
2020-05-04,25,10 a 14 anos,Feminino
2020-05-04,30,10 a 14 anos,Masculino
2020-05-04,72,15 a 19 anos,Feminino
2020-05-04,64,15 a 19 anos,Masculino
2020-05-04,1,20 a 24 anos,Indefinido
2020-05-04,195,20 a 24 anos,Masculino
2020-05-04,300,20 a 24 anos,Feminino
2020-05-04,1,25 a 29 anos,Indefinido
2020-05-04,473,25 a 29 anos,Feminino
2020-05-04,360,25 a 29 anos,Masculino
2020-05-04,1,30 a 34 anos,Indefinido
2020-05-04,642,30 a 34 anos,Feminino
2020-05-04,498,30 a 34 anos,Masculino
2020-05-04,691,35 a 39 anos,Feminino
2020-05-04,547,35 a 39 anos,Masculino
2020-05-04,1,35 a 39 anos,Indefinido
2020-05-04,481,40 a 44 anos,Masculino
2020-05-04,635,40 a 44 anos,Feminino
2020-05-04,528,45 a 49 anos,Feminino
2020-05-04,486,45 a 49 anos,Masculino
2020-05-04,507,50 a 54 anos,Masculino
2020-05-04,479,50 a 54 anos,Feminino
2020-05-04,437,55 a 59 anos,Masculino
2020-05-04,378,55 a 59 anos,Feminino
2020-05-04,348,60 a 64 anos,Feminino
2020-05-04,393,60 a 64 anos,Masculino
2020-05-04,306,65 a 69 anos,Masculino
2020-05-04,293,65 a 69 anos,Feminino
2020-05-04,262,70 a 74 anos,Feminino
2020-05-04,288,70 a 74 anos,Masculino
2020-05-04,197,75 a 79 anos,Feminino
2020-05-04,199,75 a 79 anos,Masculino
2020-05-04,354,80 anos ou mais,Feminino
2020-05-04,330,80 anos ou mais,Masculino
2020-05-04,6,Indefinido,Feminino
2020-05-04,6,Indefinido,Masculino
